Project Name,Package Name,Class Name,ATFD,WMC,TCC,LOC,Avgloc,God Class (Case 5)
jena-2.6.3,com.hp.hpl.jena.datatypes.xsd,AbstractDateTime,0,34,0.0,194,194,No
jena-2.6.3,com.hp.hpl.jena.datatypes.xsd,IllegalDateTimeFieldException,1,0,0.0,1,97,No
jena-2.6.3,com.hp.hpl.jena.datatypes.xsd,XSDbase64Binary,1,2,0.0,25,73,No
jena-2.6.3,com.hp.hpl.jena.datatypes.xsd,XSDDatatype,4,36,0.0,259,119,No
jena-2.6.3,com.hp.hpl.jena.datatypes.xsd,XSDDateTime,3,41,0.0,154,126,No
jena-2.6.3,com.hp.hpl.jena.datatypes.xsd,XSDDuration,1,23,0.0,172,134,No
jena-2.6.3,com.hp.hpl.jena.datatypes.xsd,XSDhexBinary,1,2,0.0,25,118,No
jena-2.6.3,com.hp.hpl.jena.mem,ArrayBunch,3,16,0.0,85,114,No
jena-2.6.3,com.hp.hpl.jena.mem,BunchMap,2,0,0.0,9,102,No
jena-2.6.3,com.hp.hpl.jena.mem,GraphMem,3,6,0.0,33,95,No
jena-2.6.3,com.hp.hpl.jena.mem,GraphMemBase,3,4,0.0,36,90,No
jena-2.6.3,com.hp.hpl.jena.mem,GraphMemBaseQueryHandler,2,0,0.0,20,84,No
jena-2.6.3,com.hp.hpl.jena.mem,GraphMemBulkUpdateHandler,2,1,0.0,13,78,No
jena-2.6.3,com.hp.hpl.jena.mem,GraphTripleStore,3,0,0.0,11,74,No
jena-2.6.3,com.hp.hpl.jena.mem,GraphTripleStoreBase,5,6,0.0,80,74,No
jena-2.6.3,com.hp.hpl.jena.mem,HashCommon,0,38,0.0,182,81,No
jena-2.6.3,com.hp.hpl.jena.mem,HashedBunchMap,3,8,0.0,63,80,No
jena-2.6.3,com.hp.hpl.jena.mem,HashedTripleBunch,3,13,0.0,67,79,No
jena-2.6.3,com.hp.hpl.jena.mem,MatchOrBind,0,0,0.0,45,77,No
jena-2.6.3,com.hp.hpl.jena.mem,MixedGraphMem,3,4,0.0,38,75,No
jena-2.6.3,com.hp.hpl.jena.mem,MixedGraphMemStore,2,19,0.0,136,78,No
jena-2.6.3,com.hp.hpl.jena.mem,NodeToTriplesMap,5,10,0.0,89,78,No
jena-2.6.3,com.hp.hpl.jena.mem,NodeToTriplesMapBase,4,7,0.0,60,78,No
jena-2.6.3,com.hp.hpl.jena.mem,ObjectIterator,0,6,0.0,37,76,No
jena-2.6.3,com.hp.hpl.jena.mem,SetBunch,3,6,0.0,43,75,No
jena-2.6.3,com.hp.hpl.jena.mem,SmallGraphMem,3,8,0.0,36,73,No
jena-2.6.3,com.hp.hpl.jena.mem,StoreTripleIterator,4,4,0.0,27,71,No
jena-2.6.3,com.hp.hpl.jena.mem,TrackingTripleIterator,0,0,0.0,9,69,No
jena-2.6.3,com.hp.hpl.jena.mem,TripleBunch,2,1,0.0,11,67,No
jena-2.6.3,com.hp.hpl.jena.mem,WrappedHashMap,2,0,0.0,16,65,No
jena-2.6.3,com.hp.hpl.jena.rdf.arp.states,AbsWantLiteralValueOrDescription,4,3,0.0,49,65,No
jena-2.6.3,com.hp.hpl.jena.rdf.arp.states,AbsXMLLiteral,3,31,0.0,184,69,No
jena-2.6.3,com.hp.hpl.jena.rdf.arp.states,Collection,5,3,0.0,50,68,No
jena-2.6.3,com.hp.hpl.jena.rdf.arp.states,DAMLCollection,4,0,0.0,18,66,No
jena-2.6.3,com.hp.hpl.jena.rdf.arp.states,Frame,4,11,0.0,102,67,No
jena-2.6.3,com.hp.hpl.jena.rdf.arp.states,FrameI,1,0,0.0,13,66,No
jena-2.6.3,com.hp.hpl.jena.rdf.arp.states,HasSubjectFrameI,2,1,0.0,4,64,No
jena-2.6.3,com.hp.hpl.jena.rdf.arp.states,InnerXMLLiteral,1,0,0.0,14,63,No
jena-2.6.3,com.hp.hpl.jena.rdf.arp.states,LookingForRDF,2,0,0.0,19,62,No
jena-2.6.3,com.hp.hpl.jena.rdf.arp.states,OuterXMLLiteral,4,1,0.0,16,61,No
jena-2.6.3,com.hp.hpl.jena.rdf.arp.states,RDFCollection,4,0,0.0,17,60,No
jena-2.6.3,com.hp.hpl.jena.rdf.arp.states,StartStateRDForDescription,3,3,0.0,26,59,No
jena-2.6.3,com.hp.hpl.jena.rdf.arp.states,WantDescription,4,15,0.0,84,59,No
jena-2.6.3,com.hp.hpl.jena.rdf.arp.states,WantEmpty,2,0,0.0,14,58,No
jena-2.6.3,com.hp.hpl.jena.rdf.arp.states,WantLiteralValueOrDescription,4,9,0.0,53,58,No
jena-2.6.3,com.hp.hpl.jena.rdf.arp.states,WantPropertyElement,12,103,0.0,337,64,Yes
jena-2.6.3,com.hp.hpl.jena.rdf.arp.states,WantsObjectFrameI,3,0,0.0,2,63,No
jena-2.6.3,com.hp.hpl.jena.rdf.arp.states,WantsObjectI,0,0,0.0,3,62,No
jena-2.6.3,com.hp.hpl.jena.rdf.arp.states,WantTopLevelDescription,3,0,0.0,22,61,No
jena-2.6.3,com.hp.hpl.jena.rdf.arp.states,WantTypedLiteral,5,1,0.0,27,60,No
jena-2.6.3,com.hp.hpl.jena.reasoner.rulesys.builtins,AddOne,3,2,0.0,25,59,No
jena-2.6.3,com.hp.hpl.jena.reasoner.rulesys.builtins,AssertDisjointPairs,3,4,0.0,23,59,No
jena-2.6.3,com.hp.hpl.jena.reasoner.rulesys.builtins,BaseBuiltin,2,2,0.0,29,58,No
jena-2.6.3,com.hp.hpl.jena.reasoner.rulesys.builtins,Bound,3,2,0.0,13,57,No
jena-2.6.3,com.hp.hpl.jena.reasoner.rulesys.builtins,CountLiteralValues,3,5,0.0,31,57,No
jena-2.6.3,com.hp.hpl.jena.reasoner.rulesys.builtins,Difference,3,6,0.0,33,56,No
jena-2.6.3,com.hp.hpl.jena.reasoner.rulesys.builtins,Drop,3,5,0.0,32,56,No
jena-2.6.3,com.hp.hpl.jena.reasoner.rulesys.builtins,Equal,3,3,0.0,22,55,No
jena-2.6.3,com.hp.hpl.jena.reasoner.rulesys.builtins,GE,2,3,0.0,22,55,No
jena-2.6.3,com.hp.hpl.jena.reasoner.rulesys.builtins,GreaterThan,3,3,0.0,22,54,No
jena-2.6.3,com.hp.hpl.jena.reasoner.rulesys.builtins,Hide,3,4,0.0,24,54,No
jena-2.6.3,com.hp.hpl.jena.reasoner.rulesys.builtins,IsBNode,3,0,0.0,14,53,No
jena-2.6.3,com.hp.hpl.jena.reasoner.rulesys.builtins,IsDType,3,6,0.0,31,53,No
jena-2.6.3,com.hp.hpl.jena.reasoner.rulesys.builtins,IsFunctor,3,0,0.0,14,52,No
jena-2.6.3,com.hp.hpl.jena.reasoner.rulesys.builtins,IsLiteral,3,3,0.0,22,52,No
jena-2.6.3,com.hp.hpl.jena.reasoner.rulesys.builtins,LE,2,3,0.0,22,51,No
jena-2.6.3,com.hp.hpl.jena.reasoner.rulesys.builtins,LessThan,3,3,0.0,22,51,No
jena-2.6.3,com.hp.hpl.jena.reasoner.rulesys.builtins,ListContains,3,4,0.0,29,50,No
jena-2.6.3,com.hp.hpl.jena.reasoner.rulesys.builtins,ListEntry,3,6,0.0,37,50,No
jena-2.6.3,com.hp.hpl.jena.reasoner.rulesys.builtins,ListEqual,4,5,0.0,37,50,No
jena-2.6.3,com.hp.hpl.jena.reasoner.rulesys.builtins,ListLength,3,8,0.0,38,50,No
jena-2.6.3,com.hp.hpl.jena.reasoner.rulesys.builtins,ListMapAsObject,3,1,0.0,21,49,No
jena-2.6.3,com.hp.hpl.jena.reasoner.rulesys.builtins,ListMapAsSubject,3,1,0.0,21,49,No
jena-2.6.3,com.hp.hpl.jena.reasoner.rulesys.builtins,ListNotContains,4,0,0.0,16,49,No
jena-2.6.3,com.hp.hpl.jena.reasoner.rulesys.builtins,ListNotEqual,6,0,0.0,16,48,No
jena-2.6.3,com.hp.hpl.jena.reasoner.rulesys.builtins,MakeInstance,4,4,0.0,21,48,No
jena-2.6.3,com.hp.hpl.jena.reasoner.rulesys.builtins,MakeSkolem,3,7,0.0,32,48,No
jena-2.6.3,com.hp.hpl.jena.reasoner.rulesys.builtins,MakeTemp,3,3,0.0,15,47,No
jena-2.6.3,com.hp.hpl.jena.reasoner.rulesys.builtins,Max,3,4,0.0,33,47,No
jena-2.6.3,com.hp.hpl.jena.reasoner.rulesys.builtins,Min,3,4,0.0,33,47,No
jena-2.6.3,com.hp.hpl.jena.reasoner.rulesys.builtins,NotBNode,3,0,0.0,14,46,No
jena-2.6.3,com.hp.hpl.jena.reasoner.rulesys.builtins,NotDType,4,0,0.0,16,46,No
jena-2.6.3,com.hp.hpl.jena.reasoner.rulesys.builtins,NotEqual,4,3,0.0,22,46,No
jena-2.6.3,com.hp.hpl.jena.reasoner.rulesys.builtins,NotFunctor,3,0,0.0,14,45,No
jena-2.6.3,com.hp.hpl.jena.reasoner.rulesys.builtins,NotLiteral,3,0,0.0,14,45,No
jena-2.6.3,com.hp.hpl.jena.reasoner.rulesys.builtins,NoValue,3,4,0.0,28,45,No
jena-2.6.3,com.hp.hpl.jena.reasoner.rulesys.builtins,Now,3,0,0.0,16,44,No
jena-2.6.3,com.hp.hpl.jena.reasoner.rulesys.builtins,Print,3,1,0.0,20,44,No
jena-2.6.3,com.hp.hpl.jena.reasoner.rulesys.builtins,Product,3,4,0.0,33,44,No
jena-2.6.3,com.hp.hpl.jena.reasoner.rulesys.builtins,Quotient,3,4,0.0,33,44,No
jena-2.6.3,com.hp.hpl.jena.reasoner.rulesys.builtins,Regex,3,7,0.0,34,44,No
jena-2.6.3,com.hp.hpl.jena.reasoner.rulesys.builtins,Remove,3,5,0.0,28,44,No
jena-2.6.3,com.hp.hpl.jena.reasoner.rulesys.builtins,StrConcat,3,6,0.0,31,43,No
jena-2.6.3,com.hp.hpl.jena.reasoner.rulesys.builtins,Sum,3,4,0.0,33,43,No
jena-2.6.3,com.hp.hpl.jena.reasoner.rulesys.builtins,Table,3,5,0.0,19,43,No
jena-2.6.3,com.hp.hpl.jena.reasoner.rulesys.builtins,TableAll,4,3,0.0,15,43,No
jena-2.6.3,com.hp.hpl.jena.reasoner.rulesys.builtins,Unbound,3,2,0.0,13,42,No
jena-2.6.3,com.hp.hpl.jena.reasoner.rulesys.builtins,UriConcat,3,2,0.0,17,42,No
jena-2.6.3,com.hp.hpl.jena.vocabulary ,TestManifest,0,7,0.0,14,42,No
jena-2.6.3,com.hp.hpl.jena.vocabulary ,TestManifestX,1,3,0.0,8,42,No
jena-2.6.3,com.hp.hpl.jena.graph.query,Applyer,5,0,0.0,10,41,No
jena-2.6.3,com.hp.hpl.jena.graph.query,Bind,2,0,0.0,16,41,No
jena-2.6.3,com.hp.hpl.jena.graph.query,BindingQueryPlan,3,0,0.0,4,41,No
jena-2.6.3,com.hp.hpl.jena.graph.query,Bound,2,0,0.0,13,40,No
jena-2.6.3,com.hp.hpl.jena.graph.query,BufferPipe,9,9,0.0,64,41,No
jena-2.6.3,com.hp.hpl.jena.graph.query,ConstraintStage,11,2,0.0,28,40,No
jena-2.6.3,com.hp.hpl.jena.graph.query,Domain,3,2,0.0,32,40,No
jena-2.6.3,com.hp.hpl.jena.graph.query,Dyadic,5,1,0.0,55,40,No
jena-2.6.3,com.hp.hpl.jena.graph.query,Element,2,0,0.0,24,40,No
jena-2.6.3,com.hp.hpl.jena.graph.query,Expression,9,10,0.0,139,41,No
jena-2.6.3,com.hp.hpl.jena.graph.query,ExpressionFunctionURIs,5,0,0.0,12,41,No
jena-2.6.3,com.hp.hpl.jena.graph.query,ExpressionSet,4,1,0.0,24,41,No
jena-2.6.3,com.hp.hpl.jena.graph.query,Fixed,2,0,0.0,15,41,No
jena-2.6.3,com.hp.hpl.jena.graph.query,FixedValuator,3,0,0.0,10,40,No
jena-2.6.3,com.hp.hpl.jena.graph.query,GuardArranger,7,5,0.0,42,40,No
jena-2.6.3,com.hp.hpl.jena.graph.query,IndexValues,0,0,0.0,4,40,No
jena-2.6.3,com.hp.hpl.jena.graph.query,InitialStage,3,0,0.0,16,40,No
jena-2.6.3,com.hp.hpl.jena.graph.query,Mapping,3,3,0.0,42,40,No
jena-2.6.3,com.hp.hpl.jena.graph.query,Matcher,4,0,0.0,10,40,No
jena-2.6.3,com.hp.hpl.jena.graph.query,NamedGraphMap,0,0,0.0,10,39,No
jena-2.6.3,com.hp.hpl.jena.graph.query,NamedTripleBunches,2,0,0.0,11,39,No
jena-2.6.3,com.hp.hpl.jena.graph.query,Pattern,2,0,0.0,26,39,No
jena-2.6.3,com.hp.hpl.jena.graph.query,PatternCompiler,2,0,0.0,7,39,No
jena-2.6.3,com.hp.hpl.jena.graph.query,PatternLiteral,2,1,0.0,7,38,No
jena-2.6.3,com.hp.hpl.jena.graph.query,PatternStage,8,0,0.0,5,38,No
jena-2.6.3,com.hp.hpl.jena.graph.query,PatternStageBase,21,10,0.0,132,39,No
jena-2.6.3,com.hp.hpl.jena.graph.query,PatternStageCompiler,10,5,0.0,36,39,No
jena-2.6.3,com.hp.hpl.jena.graph.query,Pipe,2,0,0.0,8,39,No
jena-2.6.3,com.hp.hpl.jena.graph.query,Query,13,5,0.0,65,39,No
jena-2.6.3,com.hp.hpl.jena.graph.query,QueryHandler,9,0,0.0,10,39,No
jena-2.6.3,com.hp.hpl.jena.graph.query,QueryNode,10,7,0.0,131,39,No
jena-2.6.3,com.hp.hpl.jena.graph.query,QueryNodeFactory,6,0,0.0,10,39,No
jena-2.6.3,com.hp.hpl.jena.graph.query,QueryNodeFactoryBase,7,0,0.0,17,39,No
jena-2.6.3,com.hp.hpl.jena.graph.query,QueryTriple,10,11,0.0,119,39,No
jena-2.6.3,com.hp.hpl.jena.graph.query,Rewrite,7,21,0.0,126,40,No
jena-2.6.3,com.hp.hpl.jena.graph.query,SimpleQueryEngine,13,8,0.0,91,40,No
jena-2.6.3,com.hp.hpl.jena.graph.query,SimpleQueryHandler,13,4,0.0,46,41,No
jena-2.6.3,com.hp.hpl.jena.graph.query,SimpleQueryPlan,8,0,0.0,17,40,No
jena-2.6.3,com.hp.hpl.jena.graph.query,SimpleTreeQueryPlan,4,7,0.0,57,40,No
jena-2.6.3,com.hp.hpl.jena.graph.query,SimpleTripleSorter,2,9,0.0,99,41,No
jena-2.6.3,com.hp.hpl.jena.graph.query,SlotValuator,2,0,0.0,10,41,No
jena-2.6.3,com.hp.hpl.jena.graph.query,Stage,2,1,0.0,6,40,No
jena-2.6.3,com.hp.hpl.jena.graph.query,StageElement,11,2,0.0,35,40,No
jena-2.6.3,com.hp.hpl.jena.graph.query,TreeQueryPlan,1,0,0.0,4,40,No
jena-2.6.3,com.hp.hpl.jena.graph.query,TripleSorter,0,0,0.0,6,40,No
jena-2.6.3,com.hp.hpl.jena.graph.query,Util,0,1,0.0,19,40,No
jena-2.6.3,com.hp.hpl.jena.graph.query,Valuator,1,0,0.0,5,39,No
jena-2.6.3,com.hp.hpl.jena.graph.query,ValuatorSet,2,2,0.0,20,39,No
jena-2.6.3,com.hp.hpl.jena.graph.query,VariableIndexes,0,0,0.0,4,39,No
jena-2.6.3,com.hp.hpl.jena.graph.query,VariableValues,0,0,0.0,4,39,No
jena-2.6.3,com.hp.hpl.jena.rdf.model.impl,AltImpl,4,2,0.0,105,39,No
jena-2.6.3,com.hp.hpl.jena.rdf.model.impl,BagImpl,3,0,0.0,11,39,No
jena-2.6.3,com.hp.hpl.jena.rdf.model.impl,ContainerI,0,0,0.0,3,39,No
jena-2.6.3,com.hp.hpl.jena.rdf.model.impl,ContainerImpl,7,5,0.0,42,39,No
jena-2.6.3,com.hp.hpl.jena.rdf.model.impl,ContNodeIteratorFactoryImpl,4,0,0.0,5,39,No
jena-2.6.3,com.hp.hpl.jena.rdf.model.impl,ContNodeIteratorImpl,2,0,0.0,9,38,No
jena-2.6.3,com.hp.hpl.jena.rdf.model.impl,InfModelImpl,2,2,0.0,44,39,No
jena-2.6.3,com.hp.hpl.jena.rdf.model.impl,IteratorFactory,4,0,0.0,30,38,No
jena-2.6.3,com.hp.hpl.jena.rdf.model.impl,LiteralImpl,1,30,0.0,170,39,No
jena-2.6.3,com.hp.hpl.jena.rdf.model.impl,MemoryModelGetter,0,1,0.0,12,39,No
jena-2.6.3,com.hp.hpl.jena.rdf.model.impl,ModelCom,11,54,0.0,801,44,Yes
jena-2.6.3,com.hp.hpl.jena.rdf.model.impl,ModelListenerAdapter,1,13,0.0,41,44,No
jena-2.6.3,com.hp.hpl.jena.rdf.model.impl,ModelMakerImpl,1,0,0.0,44,44,No
jena-2.6.3,com.hp.hpl.jena.rdf.model.impl,ModelReifier,4,44,0.0,82,44,No
jena-2.6.3,com.hp.hpl.jena.rdf.model.impl,NodeIteratorFactory,1,0,0.0,3,44,No
jena-2.6.3,com.hp.hpl.jena.rdf.model.impl,NodeIteratorImpl,0,0,0.0,1,44,No
jena-2.6.3,com.hp.hpl.jena.rdf.model.impl,NsIteratorImpl,0,0,0.0,2,43,No
jena-2.6.3,com.hp.hpl.jena.rdf.model.impl,NTripleReader,2,74,0.0,396,45,No
jena-2.6.3,com.hp.hpl.jena.rdf.model.impl,NTripleWriter,2,27,0.0,166,46,No
jena-2.6.3,com.hp.hpl.jena.rdf.model.impl,PropertyImpl,2,0,0.0,14,46,No
jena-2.6.3,com.hp.hpl.jena.rdf.model.impl,RDFDefaultErrorHandler,0,0,0.0,3,46,No
jena-2.6.3,com.hp.hpl.jena.rdf.model.impl,RDFListImpl,1,66,0.0,438,48,No
jena-2.6.3,com.hp.hpl.jena.rdf.model.impl,RDFReaderFImpl,1,1,0.0,35,48,No
jena-2.6.3,com.hp.hpl.jena.rdf.model.impl,RDFWriterFImpl,2,1,0.0,41,48,No
jena-2.6.3,com.hp.hpl.jena.rdf.model.impl,ReifiedStatementImpl,3,21,0.0,59,48,No
jena-2.6.3,com.hp.hpl.jena.rdf.model.impl,ResIteratorImpl,0,0,0.0,7,48,No
jena-2.6.3,com.hp.hpl.jena.rdf.model.impl,ResourceImpl,4,3,0.0,27,48,No
jena-2.6.3,com.hp.hpl.jena.rdf.model.impl,RSIteratorImpl,0,3,0.0,7,47,No
jena-2.6.3,com.hp.hpl.jena.rdf.model.impl,SelectorImpl,0,1,0.0,36,47,No
jena-2.6.3,com.hp.hpl.jena.rdf.model.impl,SeqImpl,7,0,0.0,12,47,No
jena-2.6.3,com.hp.hpl.jena.rdf.model.impl,SeqNodeIteratorFactoryImpl,4,0,0.0,5,47,No
jena-2.6.3,com.hp.hpl.jena.rdf.model.impl,SeqNodeIteratorImpl,2,1,0.0,30,47,No
jena-2.6.3,com.hp.hpl.jena.rdf.model.impl,StatementBase,3,3,0.0,90,47,No
jena-2.6.3,com.hp.hpl.jena.rdf.model.impl,StatementImpl,6,14,0.0,100,47,No
jena-2.6.3,com.hp.hpl.jena.rdf.model.impl,StmtIteratorImpl,0,0,0.0,15,47,No
jena-2.6.3,com.hp.hpl.jena.rdf.model.impl,Util,0,24,0.0,119,47,No
jena-2.6.3,com.hp.hpl.jena.graph.query.regexptrees,Alternatives,2,2,0.0,18,47,No
jena-2.6.3,com.hp.hpl.jena.graph.query.regexptrees,AnyOf,1,0,0.0,15,47,No
jena-2.6.3,com.hp.hpl.jena.graph.query.regexptrees,AnySingle,1,0,0.0,12,47,No
jena-2.6.3,com.hp.hpl.jena.graph.query.regexptrees,BackReference,1,0,0.0,17,47,No
jena-2.6.3,com.hp.hpl.jena.graph.query.regexptrees,EndOfLine,1,0,0.0,12,47,No
jena-2.6.3,com.hp.hpl.jena.graph.query.regexptrees,MultiOperandTree,1,6,0.0,41,47,No
jena-2.6.3,com.hp.hpl.jena.graph.query.regexptrees,NoneOf,1,0,0.0,15,46,No
jena-2.6.3,com.hp.hpl.jena.graph.query.regexptrees,Nothing,1,0,0.0,12,46,No
jena-2.6.3,com.hp.hpl.jena.graph.query.regexptrees,OneOrMore,2,0,0.0,14,46,No
jena-2.6.3,com.hp.hpl.jena.graph.query.regexptrees,Optional,2,0,0.0,14,46,No
jena-2.6.3,com.hp.hpl.jena.graph.query.regexptrees,Paren,1,0,0.0,22,46,No
jena-2.6.3,com.hp.hpl.jena.graph.query.regexptrees,PerlPatternParser,15,65,0.0,227,47,Yes
jena-2.6.3,com.hp.hpl.jena.graph.query.regexptrees,RegexpTree,4,0,0.0,13,46,No
jena-2.6.3,com.hp.hpl.jena.graph.query.regexptrees,RegexpTreeGenerator,13,0,0.0,16,46,No
jena-2.6.3,com.hp.hpl.jena.graph.query.regexptrees,Repeated,1,0,0.0,8,46,No
jena-2.6.3,com.hp.hpl.jena.graph.query.regexptrees,Sequence,2,3,0.0,25,46,No
jena-2.6.3,com.hp.hpl.jena.graph.query.regexptrees,SimpleGenerator,16,0,0.0,18,46,No
jena-2.6.3,com.hp.hpl.jena.graph.query.regexptrees,StartOfLine,1,0,0.0,12,46,No
jena-2.6.3,com.hp.hpl.jena.graph.query.regexptrees,Text,1,0,0.0,52,46,No
jena-2.6.3,com.hp.hpl.jena.graph.query.regexptrees,ZeroOrMore,2,0,0.0,14,46,No
jena-2.6.3,com.hp.hpl.jena.datatypes.xsd.impl,XMLLiteralType,0,2,0.0,58,46,No
jena-2.6.3,com.hp.hpl.jena.datatypes.xsd.impl,XSDAbstractDateTimeType,0,55,0.0,251,47,No
jena-2.6.3,com.hp.hpl.jena.datatypes.xsd.impl,XSDBaseNumericType,0,25,0.0,98,47,No
jena-2.6.3,com.hp.hpl.jena.datatypes.xsd.impl,XSDBaseStringType,0,2,0.0,17,47,No
jena-2.6.3,com.hp.hpl.jena.datatypes.xsd.impl,XSDByteType,1,0,0.0,8,47,No
jena-2.6.3,com.hp.hpl.jena.datatypes.xsd.impl,XSDDateTimeType,2,1,0.0,19,46,No
jena-2.6.3,com.hp.hpl.jena.datatypes.xsd.impl,XSDDateType,2,1,0.0,17,46,No
jena-2.6.3,com.hp.hpl.jena.datatypes.xsd.impl,XSDDayType,2,2,0.0,23,46,No
jena-2.6.3,com.hp.hpl.jena.datatypes.xsd.impl,XSDDouble,1,6,0.0,41,46,No
jena-2.6.3,com.hp.hpl.jena.datatypes.xsd.impl,XSDDurationType,2,16,0.0,76,46,No
jena-2.6.3,com.hp.hpl.jena.datatypes.xsd.impl,XSDFloat,1,6,0.0,41,46,No
jena-2.6.3,com.hp.hpl.jena.datatypes.xsd.impl,XSDGenericType,0,0,0.0,5,46,No
jena-2.6.3,com.hp.hpl.jena.datatypes.xsd.impl,XSDMonthDayType,2,2,0.0,24,46,No
jena-2.6.3,com.hp.hpl.jena.datatypes.xsd.impl,XSDMonthType,2,3,0.0,27,46,No
jena-2.6.3,com.hp.hpl.jena.datatypes.xsd.impl,XSDTimeType,2,3,0.0,27,46,No
jena-2.6.3,com.hp.hpl.jena.datatypes.xsd.impl,XSDYearMonthType,2,1,0.0,18,46,No
jena-2.6.3,com.hp.hpl.jena.datatypes.xsd.impl,XSDYearType,2,4,0.0,29,46,No
jena-2.6.3,com.hp.hpl.jena.util.tuple ,TupleSet,0,0,0.0,9,45,No
jena-2.6.3,jena.cmdline,Arg,1,1,0.0,20,45,No
jena-2.6.3,jena.cmdline,ArgDecl,2,16,0.0,122,46,No
jena-2.6.3,jena.cmdline,ArgHandler,1,1,0.0,4,45,No
jena-2.6.3,jena.cmdline,CmdLineUtils,0,0,0.0,7,45,No
jena-2.6.3,jena.cmdline,CommandLine,4,28,0.0,208,46,No
jena-2.6.3,com.hp.hpl.jena.rdf.model,Alt,8,17,0.0,29,46,No
jena-2.6.3,com.hp.hpl.jena.rdf.model,AltHasNoDefaultException,1,0,0.0,5,46,No
jena-2.6.3,com.hp.hpl.jena.rdf.model,AnonId,0,5,0.0,42,46,No
jena-2.6.3,com.hp.hpl.jena.rdf.model,Bag,2,0,0.0,3,45,No
jena-2.6.3,com.hp.hpl.jena.rdf.model,Container,8,0,0.0,26,45,No
jena-2.6.3,com.hp.hpl.jena.rdf.model,DoesNotReifyException,3,2,0.0,4,45,No
jena-2.6.3,com.hp.hpl.jena.rdf.model,EmptyListException,0,0,0.0,10,45,No
jena-2.6.3,com.hp.hpl.jena.rdf.model,EmptyListUpdateException,1,0,0.0,9,45,No
jena-2.6.3,com.hp.hpl.jena.rdf.model,HasNoModelException,3,0,0.0,5,45,No
jena-2.6.3,com.hp.hpl.jena.rdf.model,InfModel,6,0,0.0,12,45,No
jena-2.6.3,com.hp.hpl.jena.rdf.model,InvalidListException,0,0,0.0,10,44,No
jena-2.6.3,com.hp.hpl.jena.rdf.model,ListIndexException,0,0,0.0,10,44,No
jena-2.6.3,com.hp.hpl.jena.rdf.model,Literal,2,0,0.0,20,44,No
jena-2.6.3,com.hp.hpl.jena.rdf.model,LiteralRequiredException,2,0,0.0,7,44,No
jena-2.6.3,com.hp.hpl.jena.rdf.model,Model,22,19,0.0,96,44,No
jena-2.6.3,com.hp.hpl.jena.rdf.model,ModelChangedListener,3,1,0.0,14,44,No
jena-2.6.3,com.hp.hpl.jena.rdf.model,ModelCon,12,4,0.0,91,44,No
jena-2.6.3,com.hp.hpl.jena.rdf.model,ModelExtract,5,0,0.0,14,44,No
jena-2.6.3,com.hp.hpl.jena.rdf.model,ModelFactory,8,9,0.0,95,44,No
jena-2.6.3,com.hp.hpl.jena.rdf.model,ModelFactoryBase,3,6,0.0,35,44,No
jena-2.6.3,com.hp.hpl.jena.rdf.model,ModelGetter,2,0,0.0,5,44,No
jena-2.6.3,com.hp.hpl.jena.rdf.model,ModelGraphInterface,7,0,0.0,8,44,No
jena-2.6.3,com.hp.hpl.jena.rdf.model,ModelMaker,2,0,0.0,11,44,No
jena-2.6.3,com.hp.hpl.jena.rdf.model,ModelReader,2,0,0.0,4,44,No
jena-2.6.3,com.hp.hpl.jena.rdf.model,ModelSource,2,0,0.0,7,44,No
jena-2.6.3,com.hp.hpl.jena.rdf.model,NodeIterator,1,1,0.0,8,43,No
jena-2.6.3,com.hp.hpl.jena.rdf.model,NsIterator,0,0,0.0,4,43,No
jena-2.6.3,com.hp.hpl.jena.rdf.model,Property,3,0,0.0,7,43,No
jena-2.6.3,com.hp.hpl.jena.rdf.model,RDFErrorHandler,0,0,0.0,5,43,No
jena-2.6.3,com.hp.hpl.jena.rdf.model,RDFList,6,0,0.0,44,43,No
jena-2.6.3,com.hp.hpl.jena.rdf.model,RDFNode,4,0,0.0,15,43,No
jena-2.6.3,com.hp.hpl.jena.rdf.model,RDFReader,3,1,0.0,7,43,No
jena-2.6.3,com.hp.hpl.jena.rdf.model,RDFReaderF,2,3,0.0,5,43,No
jena-2.6.3,com.hp.hpl.jena.rdf.model,RDFVisitor,3,0,0.0,6,43,No
jena-2.6.3,com.hp.hpl.jena.rdf.model,RDFWriter,3,0,0.0,8,42,No
jena-2.6.3,com.hp.hpl.jena.rdf.model,RDFWriterF,2,3,0.0,5,42,No
jena-2.6.3,com.hp.hpl.jena.rdf.model,ReifiedStatement,2,1,0.0,4,42,No
jena-2.6.3,com.hp.hpl.jena.rdf.model,ResIterator,1,0,0.0,4,42,No
jena-2.6.3,com.hp.hpl.jena.rdf.model,Resource,9,7,0.0,41,42,No
jena-2.6.3,com.hp.hpl.jena.rdf.model,ResourceF,1,1,0.0,3,42,No
jena-2.6.3,com.hp.hpl.jena.rdf.model,ResourceFactory,7,3,0.0,93,42,No
jena-2.6.3,com.hp.hpl.jena.rdf.model,ResourceRequiredException,2,0,0.0,7,42,No
jena-2.6.3,com.hp.hpl.jena.rdf.model,RSIterator,2,2,0.0,2,42,No
jena-2.6.3,com.hp.hpl.jena.rdf.model,Schema,0,0,0.0,2,42,No
jena-2.6.3,com.hp.hpl.jena.rdf.model,Selector,5,0,0.0,7,41,No
jena-2.6.3,com.hp.hpl.jena.rdf.model,Seq,8,10,0.0,47,41,No
jena-2.6.3,com.hp.hpl.jena.rdf.model,SeqIndexBoundsException,1,0,0.0,5,41,No
jena-2.6.3,com.hp.hpl.jena.rdf.model,SimpleSelector,7,4,0.0,68,41,No
jena-2.6.3,com.hp.hpl.jena.rdf.model,Statement,11,5,0.0,61,41,No
jena-2.6.3,com.hp.hpl.jena.rdf.model,StatementBoundary,2,0,0.0,5,41,No
jena-2.6.3,com.hp.hpl.jena.rdf.model,StatementBoundaryBase,3,0,0.0,14,41,No
jena-2.6.3,com.hp.hpl.jena.rdf.model,StatementTripleBoundary,3,0,0.0,10,41,No
jena-2.6.3,com.hp.hpl.jena.rdf.model,StmtIterator,2,0,0.0,4,41,No
jena-2.6.3,jena.util,DBcmd,0,32,0.0,267,42,No
jena-2.6.3,com.hp.hpl.jena.ontology.impl,AbstractProfile,0,3,0.0,28,42,No
jena-2.6.3,com.hp.hpl.jena.ontology.impl,AllDifferentImpl,1,9,0.0,51,42,No
jena-2.6.3,com.hp.hpl.jena.ontology.impl,AllValuesFromRestrictionImpl,1,5,0.0,54,42,No
jena-2.6.3,com.hp.hpl.jena.ontology.impl,AnnotationPropertyImpl,1,2,0.0,33,42,No
jena-2.6.3,com.hp.hpl.jena.ontology.impl,BooleanClassDescriptionImpl,1,1,0.0,31,42,No
jena-2.6.3,com.hp.hpl.jena.ontology.impl,CardinalityQRestrictionImpl,2,3,0.0,42,42,No
jena-2.6.3,com.hp.hpl.jena.ontology.impl,CardinalityRestrictionImpl,1,2,0.0,37,42,No
jena-2.6.3,com.hp.hpl.jena.ontology.impl,ComplementClassImpl,1,4,0.0,59,42,No
jena-2.6.3,com.hp.hpl.jena.ontology.impl,DAML_OILLegacyProfile,2,8,0.0,118,42,No
jena-2.6.3,com.hp.hpl.jena.ontology.impl,DAML_OILProfile,2,8,0.0,118,42,No
jena-2.6.3,com.hp.hpl.jena.ontology.impl,DataRangeImpl,1,3,0.0,48,42,No
jena-2.6.3,com.hp.hpl.jena.ontology.impl,DatatypePropertyImpl,1,2,0.0,25,42,No
jena-2.6.3,com.hp.hpl.jena.ontology.impl,EnumeratedClassImpl,1,3,0.0,50,42,No
jena-2.6.3,com.hp.hpl.jena.ontology.impl,FunctionalPropertyImpl,1,2,0.0,25,42,No
jena-2.6.3,com.hp.hpl.jena.ontology.impl,HasValueRestrictionImpl,1,3,0.0,42,42,No
jena-2.6.3,com.hp.hpl.jena.ontology.impl,IndividualImpl,1,2,0.0,55,42,No
jena-2.6.3,com.hp.hpl.jena.ontology.impl,IntersectionClassImpl,2,2,0.0,31,42,No
jena-2.6.3,com.hp.hpl.jena.ontology.impl,InverseFunctionalPropertyImpl,2,2,0.0,25,42,No
jena-2.6.3,com.hp.hpl.jena.ontology.impl,MaxCardinalityQRestrictionImpl,3,3,0.0,43,42,No
jena-2.6.3,com.hp.hpl.jena.ontology.impl,MaxCardinalityRestrictionImpl,2,2,0.0,37,42,No
jena-2.6.3,com.hp.hpl.jena.ontology.impl,MinCardinalityQRestrictionImpl,3,3,0.0,43,42,No
jena-2.6.3,com.hp.hpl.jena.ontology.impl,MinCardinalityRestrictionImpl,2,2,0.0,37,42,No
jena-2.6.3,com.hp.hpl.jena.ontology.impl,ObjectPropertyImpl,1,3,0.0,43,42,No
jena-2.6.3,com.hp.hpl.jena.ontology.impl,OntClassImpl,1,48,0.0,404,43,No
jena-2.6.3,com.hp.hpl.jena.ontology.impl,OntModelImpl,1,95,0.0,1006,46,No
jena-2.6.3,com.hp.hpl.jena.ontology.impl,OntologyImpl,1,2,0.0,97,47,No
jena-2.6.3,com.hp.hpl.jena.ontology.impl,OntPropertyImpl,1,11,0.0,283,47,No
jena-2.6.3,com.hp.hpl.jena.ontology.impl,OntResourceImpl,0,79,0.0,622,49,No
jena-2.6.3,com.hp.hpl.jena.ontology.impl,OWLDLProfile,2,6,0.0,201,50,No
jena-2.6.3,com.hp.hpl.jena.ontology.impl,OWLLiteProfile,2,6,0.0,200,50,No
jena-2.6.3,com.hp.hpl.jena.ontology.impl,OWLProfile,1,19,0.0,323,51,No
jena-2.6.3,com.hp.hpl.jena.ontology.impl,QualifiedRestrictionImpl,1,14,0.0,60,51,No
jena-2.6.3,com.hp.hpl.jena.ontology.impl,RDFSProfile,1,7,0.0,109,51,No
jena-2.6.3,com.hp.hpl.jena.ontology.impl,RestrictionImpl,1,2,0.0,103,51,No
jena-2.6.3,com.hp.hpl.jena.ontology.impl,SomeValuesFromRestrictionImpl,1,5,0.0,54,51,No
jena-2.6.3,com.hp.hpl.jena.ontology.impl,SymmetricPropertyImpl,1,2,0.0,25,51,No
jena-2.6.3,com.hp.hpl.jena.ontology.impl,TransitivePropertyImpl,1,2,0.0,25,51,No
jena-2.6.3,com.hp.hpl.jena.ontology.impl,UnionClassImpl,1,2,0.0,33,51,No
jena-2.6.3,jena,dbcreate,1,2,0.0,40,51,No
jena-2.6.3,jena,dbdump,1,2,0.0,42,51,No
jena-2.6.3,jena,dblist,1,2,0.0,51,51,No
jena-2.6.3,jena,dbload,1,2,0.0,35,51,No
jena-2.6.3,jena,dbremove,1,0,0.0,28,51,No
jena-2.6.3,jena,qtest,1,0,0.0,7,51,No
jena-2.6.3,jena,query,0,0,0.0,41,51,No
jena-2.6.3,jena,rdfcat,1,20,0.0,168,51,No
jena-2.6.3,jena,rdfcompare,1,6,0.0,60,51,No
jena-2.6.3,jena,rdfcopy,1,11,0.0,89,51,No
jena-2.6.3,jena,rdfparse,0,2,0.0,14,51,No
jena-2.6.3,jena,rset,1,0,0.0,7,51,No
jena-2.6.3,jena,RuleMap,1,11,0.0,87,51,No
jena-2.6.3,jena,schemagen,2,140,0.0,736,53,No
jena-2.6.3,jena,sparql,1,0,0.0,7,53,No
jena-2.6.3,jena,turtle,0,0,0.0,2,53,No
jena-2.6.3,jena,version,0,1,0.0,8,53,No
jena-2.6.3,com.hp.hpl.jena.util.iterator,ArrayIterator,0,2,0.0,24,53,No
jena-2.6.3,com.hp.hpl.jena.util.iterator,ClosableIterator,1,0,0.0,4,53,No
jena-2.6.3,com.hp.hpl.jena.util.iterator,ConcatenatedIterator,0,5,0.0,39,53,No
jena-2.6.3,com.hp.hpl.jena.util.iterator,EarlyBindingIterator,1,1,0.0,11,52,No
jena-2.6.3,com.hp.hpl.jena.util.iterator,ExtendedIterator,4,0,0.0,10,52,No
jena-2.6.3,com.hp.hpl.jena.util.iterator,Filter,3,0,0.0,34,52,No
jena-2.6.3,com.hp.hpl.jena.util.iterator,FilterDropIterator,2,0,0.0,7,52,No
jena-2.6.3,com.hp.hpl.jena.util.iterator,FilterIterator,4,4,0.0,37,52,No
jena-2.6.3,com.hp.hpl.jena.util.iterator,FilterKeepIterator,2,0,0.0,7,52,No
jena-2.6.3,com.hp.hpl.jena.util.iterator,IteratorIterator,0,4,0.0,28,52,No
jena-2.6.3,com.hp.hpl.jena.util.iterator,LateBindingIterator,0,1,0.0,22,52,No
jena-2.6.3,com.hp.hpl.jena.util.iterator,LazyIterator,4,1,0.0,42,52,No
jena-2.6.3,com.hp.hpl.jena.util.iterator,Map1,0,0,0.0,8,52,No
jena-2.6.3,com.hp.hpl.jena.util.iterator,Map1Iterator,3,0,0.0,18,51,No
jena-2.6.3,com.hp.hpl.jena.util.iterator,MapFilter,1,0,0.0,4,51,No
jena-2.6.3,com.hp.hpl.jena.util.iterator,MapFilterIterator,6,5,0.0,47,51,No
jena-2.6.3,com.hp.hpl.jena.util.iterator,NiceIterator,8,7,0.0,84,51,No
jena-2.6.3,com.hp.hpl.jena.util.iterator,NullIterator,2,0,0.0,13,51,No
jena-2.6.3,com.hp.hpl.jena.util.iterator,RandomOrderIterator,1,2,0.0,35,51,No
jena-2.6.3,com.hp.hpl.jena.util.iterator,SingletonIterator,3,2,0.0,19,51,No
jena-2.6.3,com.hp.hpl.jena.util.iterator,UniqueExtendedIterator,2,1,0.0,24,51,No
jena-2.6.3,com.hp.hpl.jena.util.iterator,WrappedIterator,2,2,0.0,22,51,No
jena-2.6.3,com.hp.hpl.jena.reasoner,BaseInfGraph,9,19,0.0,213,51,No
jena-2.6.3,com.hp.hpl.jena.reasoner,Derivation,0,0,0.0,4,51,No
jena-2.6.3,com.hp.hpl.jena.reasoner,FGraph,2,4,0.0,23,51,No
jena-2.6.3,com.hp.hpl.jena.reasoner,Finder,1,0,0.0,5,51,No
jena-2.6.3,com.hp.hpl.jena.reasoner,FinderUtil,3,5,0.0,38,51,No
jena-2.6.3,com.hp.hpl.jena.reasoner,IllegalParameterException,2,0,0.0,5,51,No
jena-2.6.3,com.hp.hpl.jena.reasoner,InfGraph,3,0,0.0,15,51,No
jena-2.6.3,com.hp.hpl.jena.reasoner,Reasoner,3,0,0.0,11,51,No
jena-2.6.3,com.hp.hpl.jena.reasoner,ReasonerException,1,0,0.0,8,51,No
jena-2.6.3,com.hp.hpl.jena.reasoner,ReasonerFactory,2,0,0.0,5,51,No
jena-2.6.3,com.hp.hpl.jena.reasoner,ReasonerRegistry,3,15,0.0,87,51,No
jena-2.6.3,com.hp.hpl.jena.reasoner,StandardValidityReport,1,3,0.0,31,51,No
jena-2.6.3,com.hp.hpl.jena.reasoner,TriplePattern,0,37,0.0,167,51,No
jena-2.6.3,com.hp.hpl.jena.reasoner,ValidityReport,0,0,0.0,36,51,No
jena-2.6.3,com.hp.hpl.jena.shared.uuid,Bits,0,18,0.0,145,51,No
jena-2.6.3,com.hp.hpl.jena.shared.uuid,JenaUUID,7,3,0.0,35,51,No
jena-2.6.3,com.hp.hpl.jena.shared.uuid,LibUUID,0,0,0.0,27,51,No
jena-2.6.3,com.hp.hpl.jena.shared.uuid,UUIDFactory,1,0,0.0,6,51,No
jena-2.6.3,com.hp.hpl.jena.shared.uuid,UUID_nil,2,6,0.0,33,51,No
jena-2.6.3,com.hp.hpl.jena.shared.uuid,UUID_V1,3,19,0.0,58,51,No
jena-2.6.3,com.hp.hpl.jena.shared.uuid,UUID_V1_Gen,5,11,0.0,118,51,No
jena-2.6.3,com.hp.hpl.jena.shared.uuid,UUID_V4,4,18,0.0,71,51,No
jena-2.6.3,com.hp.hpl.jena.shared.uuid,UUID_V4_Gen,5,11,0.0,66,51,No
jena-2.6.3,com.hp.hpl.jena.util,CharEncoding,0,7,0.0,99,51,No
jena-2.6.3,com.hp.hpl.jena.util,CollectionFactory,0,0,0.0,13,51,No
jena-2.6.3,com.hp.hpl.jena.util,FileManager,8,35,0.0,226,52,No
jena-2.6.3,com.hp.hpl.jena.util,FileUtils,1,29,0.0,192,52,No
jena-2.6.3,com.hp.hpl.jena.util,IteratorCollection,1,2,0.0,19,52,No
jena-2.6.3,com.hp.hpl.jena.util,LocationMapper,6,27,0.0,220,52,No
jena-2.6.3,com.hp.hpl.jena.util,Locator,2,0,0.0,5,52,No
jena-2.6.3,com.hp.hpl.jena.util,LocatorClassLoader,4,6,0.0,42,52,No
jena-2.6.3,com.hp.hpl.jena.util,LocatorFile,4,10,0.0,84,52,No
jena-2.6.3,com.hp.hpl.jena.util,LocatorURL,3,12,0.0,101,52,No
jena-2.6.3,com.hp.hpl.jena.util,LocatorZip,3,5,0.0,45,52,No
jena-2.6.3,com.hp.hpl.jena.util,Metadata,1,4,0.0,49,52,No
jena-2.6.3,com.hp.hpl.jena.util,ModelLoader,2,8,0.0,95,52,No
jena-2.6.3,com.hp.hpl.jena.util,ModelQueryUtil,1,1,0.0,24,52,No
jena-2.6.3,com.hp.hpl.jena.util,MonitorGraph,0,10,0.0,38,52,No
jena-2.6.3,com.hp.hpl.jena.util,MonitorModel,1,4,0.0,23,52,No
jena-2.6.3,com.hp.hpl.jena.util,OneToManyMap,1,24,0.0,179,53,No
jena-2.6.3,com.hp.hpl.jena.util,PrintUtil,0,18,0.0,91,53,No
jena-2.6.3,com.hp.hpl.jena.util,QueryMapper,1,2,0.0,49,53,No
jena-2.6.3,com.hp.hpl.jena.util,ResourceUtils,1,13,0.0,87,53,No
jena-2.6.3,com.hp.hpl.jena.util,SystemUtils,0,4,0.0,19,53,No
jena-2.6.3,com.hp.hpl.jena.util,Tokenizer,0,22,0.0,94,53,No
jena-2.6.3,com.hp.hpl.jena.util,TypedStream,0,0,0.0,17,53,No
jena-2.6.3,com.hp.hpl.jena.util,URIref,0,23,0.0,104,53,No
jena-2.6.3,com.hp.hpl.jena.xmloutput,RDFXMLWriterI,0,0,0.0,5,53,No
jena-2.6.3,com.hp.hpl.jena.rdf.arp.impl,AbsXMLContext,6,17,0.0,121,53,No
jena-2.6.3,com.hp.hpl.jena.rdf.arp.impl,ANode,1,0,0.0,2,53,No
jena-2.6.3,com.hp.hpl.jena.rdf.arp.impl,AResourceInternal,1,0,0.0,4,53,No
jena-2.6.3,com.hp.hpl.jena.rdf.arp.impl,ARPDatatypeLiteral,4,1,0.0,28,52,No
jena-2.6.3,com.hp.hpl.jena.rdf.arp.impl,ARPResource,4,5,0.0,70,53,No
jena-2.6.3,com.hp.hpl.jena.rdf.arp.impl,ARPSaxErrorHandler,0,0,0.0,18,52,No
jena-2.6.3,com.hp.hpl.jena.rdf.arp.impl,ARPString,4,0,0.0,14,52,No
jena-2.6.3,com.hp.hpl.jena.rdf.arp.impl,AttributeLexer,4,37,0.0,171,53,No
jena-2.6.3,com.hp.hpl.jena.rdf.arp.impl,CharacterModel,0,68,0.0,86,53,No
jena-2.6.3,com.hp.hpl.jena.rdf.arp.impl,DefaultErrorHandler,0,0,0.0,1,53,No
jena-2.6.3,com.hp.hpl.jena.rdf.arp.impl,ElementLexer,2,5,0.0,61,53,No
jena-2.6.3,com.hp.hpl.jena.rdf.arp.impl,LexicalHandlerImpl,0,0,0.0,17,53,No
jena-2.6.3,com.hp.hpl.jena.rdf.arp.impl,Location,0,2,0.0,37,52,No
jena-2.6.3,com.hp.hpl.jena.rdf.arp.impl,Names,2,0,0.0,38,52,No
jena-2.6.3,com.hp.hpl.jena.rdf.arp.impl,ParserSupport,9,23,0.0,126,53,No
jena-2.6.3,com.hp.hpl.jena.rdf.arp.impl,QNameLexer,2,23,0.0,157,53,No
jena-2.6.3,com.hp.hpl.jena.rdf.arp.impl,RDFXMLParser,3,7,0.0,108,53,No
jena-2.6.3,com.hp.hpl.jena.rdf.arp.impl,SAX2RDFImpl,1,16,0.0,118,53,No
jena-2.6.3,com.hp.hpl.jena.rdf.arp.impl,Taint,0,0,0.0,4,53,No
jena-2.6.3,com.hp.hpl.jena.rdf.arp.impl,TaintImpl,1,0,0.0,11,53,No
jena-2.6.3,com.hp.hpl.jena.rdf.arp.impl,UntaintableURIReference,1,0,0.0,7,53,No
jena-2.6.3,com.hp.hpl.jena.rdf.arp.impl,URIReference,8,1,0.0,46,53,No
jena-2.6.3,com.hp.hpl.jena.rdf.arp.impl,WrappedException,0,3,0.0,16,53,No
jena-2.6.3,com.hp.hpl.jena.rdf.arp.impl,XMLBaselessContext,5,9,0.0,70,53,No
jena-2.6.3,com.hp.hpl.jena.rdf.arp.impl,XMLContext,4,7,0.0,66,53,No
jena-2.6.3,com.hp.hpl.jena.rdf.arp.impl,XMLHandler,12,44,0.0,335,53,No
jena-2.6.3,com.hp.hpl.jena.reasoner.transitiveReasoner,GraphNode,1,40,0.0,269,54,No
jena-2.6.3,com.hp.hpl.jena.reasoner.transitiveReasoner,TransitiveEngine,2,43,0.0,208,54,No
jena-2.6.3,com.hp.hpl.jena.reasoner.transitiveReasoner,TransitiveGraphCache,1,65,0.0,325,55,No
jena-2.6.3,com.hp.hpl.jena.reasoner.transitiveReasoner,TransitiveInfGraph,2,7,0.0,55,55,No
jena-2.6.3,com.hp.hpl.jena.reasoner.transitiveReasoner,TransitiveReasoner,4,4,0.0,64,55,No
jena-2.6.3,com.hp.hpl.jena.reasoner.transitiveReasoner,TransitiveReasonerFactory,1,2,0.0,26,55,No
jena-2.6.3,com.hp.hpl.jena.reasoner.rulesys,BackwardRuleInfGraphI,5,0,0.0,7,55,No
jena-2.6.3,com.hp.hpl.jena.reasoner.rulesys,BasicFBReifier,2,19,0.0,57,55,No
jena-2.6.3,com.hp.hpl.jena.reasoner.rulesys,BasicForwardRuleInfGraph,6,37,0.0,230,55,No
jena-2.6.3,com.hp.hpl.jena.reasoner.rulesys,BasicForwardRuleReasoner,4,9,0.0,71,55,No
jena-2.6.3,com.hp.hpl.jena.reasoner.rulesys,BindingEnvironment,2,0,0.0,5,55,No
jena-2.6.3,com.hp.hpl.jena.reasoner.rulesys,Builtin,4,0,0.0,9,55,No
jena-2.6.3,com.hp.hpl.jena.reasoner.rulesys,BuiltinException,3,0,0.0,6,55,No
jena-2.6.3,com.hp.hpl.jena.reasoner.rulesys,BuiltinRegistry,2,1,0.0,19,55,No
jena-2.6.3,com.hp.hpl.jena.reasoner.rulesys,ClauseEntry,0,0,0.0,3,55,No
jena-2.6.3,com.hp.hpl.jena.reasoner.rulesys,DAMLMicroReasoner,3,2,0.0,19,55,No
jena-2.6.3,com.hp.hpl.jena.reasoner.rulesys,DAMLMicroReasonerFactory,2,1,0.0,32,55,No
jena-2.6.3,com.hp.hpl.jena.reasoner.rulesys,FBRuleInfGraph,12,103,0.0,518,56,Yes
jena-2.6.3,com.hp.hpl.jena.reasoner.rulesys,FBRuleReasoner,6,22,0.0,165,56,No
jena-2.6.3,com.hp.hpl.jena.reasoner.rulesys,ForwardRuleInfGraphI,3,0,0.0,12,56,No
jena-2.6.3,com.hp.hpl.jena.reasoner.rulesys,Functor,8,22,0.0,138,56,No
jena-2.6.3,com.hp.hpl.jena.reasoner.rulesys,GenericRuleReasoner,10,53,0.0,235,56,Yes
jena-2.6.3,com.hp.hpl.jena.reasoner.rulesys,GenericRuleReasonerFactory,4,1,0.0,22,56,No
jena-2.6.3,com.hp.hpl.jena.reasoner.rulesys,LPBackwardRuleInfGraph,9,19,0.0,155,56,No
jena-2.6.3,com.hp.hpl.jena.reasoner.rulesys,LPBackwardRuleReasoner,3,4,0.0,67,56,No
jena-2.6.3,com.hp.hpl.jena.reasoner.rulesys,Node_RuleVariable,1,6,0.0,57,56,No
jena-2.6.3,com.hp.hpl.jena.reasoner.rulesys,OWLFBRuleReasoner,4,6,0.0,63,56,No
jena-2.6.3,com.hp.hpl.jena.reasoner.rulesys,OWLFBRuleReasonerFactory,6,6,0.0,57,56,No
jena-2.6.3,com.hp.hpl.jena.reasoner.rulesys,OWLMicroReasoner,4,2,0.0,26,56,No
jena-2.6.3,com.hp.hpl.jena.reasoner.rulesys,OWLMicroReasonerFactory,5,5,0.0,51,56,No
jena-2.6.3,com.hp.hpl.jena.reasoner.rulesys,OWLMiniReasoner,4,2,0.0,25,56,No
jena-2.6.3,com.hp.hpl.jena.reasoner.rulesys,OWLMiniReasonerFactory,5,6,0.0,57,56,No
jena-2.6.3,com.hp.hpl.jena.reasoner.rulesys,RDFSFBRuleReasoner,3,2,0.0,17,56,No
jena-2.6.3,com.hp.hpl.jena.reasoner.rulesys,RDFSFBRuleReasonerFactory,5,2,0.0,28,56,No
jena-2.6.3,com.hp.hpl.jena.reasoner.rulesys,RDFSForwardRuleReasoner,4,2,0.0,18,56,No
jena-2.6.3,com.hp.hpl.jena.reasoner.rulesys,RDFSRuleInfGraph,2,0,0.0,14,56,No
jena-2.6.3,com.hp.hpl.jena.reasoner.rulesys,RDFSRuleReasoner,8,20,0.0,107,56,No
jena-2.6.3,com.hp.hpl.jena.reasoner.rulesys,RDFSRuleReasonerFactory,4,2,0.0,28,56,No
jena-2.6.3,com.hp.hpl.jena.reasoner.rulesys,RETERuleInfGraph,2,6,0.0,37,56,No
jena-2.6.3,com.hp.hpl.jena.reasoner.rulesys,Rule,13,110,0.0,598,57,Yes
jena-2.6.3,com.hp.hpl.jena.reasoner.rulesys,RuleContext,2,0,0.0,12,57,No
jena-2.6.3,com.hp.hpl.jena.reasoner.rulesys,RuleDerivation,4,14,0.0,76,57,No
jena-2.6.3,com.hp.hpl.jena.reasoner.rulesys,RulePreprocessHook,2,0,0.0,4,57,No
jena-2.6.3,com.hp.hpl.jena.reasoner.rulesys,RuleReasoner,1,0,0.0,5,57,No
jena-2.6.3,com.hp.hpl.jena.reasoner.rulesys,RuleReasonerFactory,2,0,0.0,3,57,No
jena-2.6.3,com.hp.hpl.jena.reasoner.rulesys,SilentAddI,0,0,0.0,3,57,No
jena-2.6.3,com.hp.hpl.jena.reasoner.rulesys,Util,2,32,0.0,167,57,No
jena-2.6.3,com.hp.hpl.jena.assembler,Assembler,4,0,0.0,47,57,No
jena-2.6.3,com.hp.hpl.jena.assembler,AssemblerHelp,6,29,0.0,148,57,No
jena-2.6.3,com.hp.hpl.jena.assembler,BadObjectException,1,0,0.0,21,57,No
jena-2.6.3,com.hp.hpl.jena.assembler,ConnectionDescription,1,3,0.0,43,57,No
jena-2.6.3,com.hp.hpl.jena.assembler,Content,1,2,0.0,19,57,No
jena-2.6.3,com.hp.hpl.jena.assembler,ImportManager,5,8,0.0,54,57,No
jena-2.6.3,com.hp.hpl.jena.assembler,JA,4,3,0.0,110,57,No
jena-2.6.3,com.hp.hpl.jena.assembler,Mode,0,0,0.0,15,57,No
jena-2.6.3,com.hp.hpl.jena.assembler,ModelExpansion,3,23,0.0,182,57,No
jena-2.6.3,com.hp.hpl.jena.assembler,RuleSet,0,0,0.0,18,57,No
jena-2.6.3,com.hp.hpl.jena.util.tuple,TupleItem,0,0,0.0,31,57,No
jena-2.6.3,com.hp.hpl.jena.rdf.listeners,ChangedListener,0,1,0.0,17,57,No
jena-2.6.3,com.hp.hpl.jena.rdf.listeners,NullListener,1,1,0.0,14,57,No
jena-2.6.3,com.hp.hpl.jena.rdf.listeners,ObjectListener,1,0,0.0,4,57,No
jena-2.6.3,com.hp.hpl.jena.rdf.listeners,StatementListener,1,0,0.0,4,57,No
jena-2.6.3,com.hp.hpl.jena.graph.impl,AllCapabilities,0,0,0.0,12,56,No
jena-2.6.3,com.hp.hpl.jena.graph.impl,BaseGraphMaker,0,5,0.0,25,56,No
jena-2.6.3,com.hp.hpl.jena.graph.impl,FileGraph,1,21,0.0,94,56,No
jena-2.6.3,com.hp.hpl.jena.graph.impl,FileGraphMaker,2,12,0.0,110,57,No
jena-2.6.3,com.hp.hpl.jena.graph.impl,FileGraphTransactionHandler,2,2,0.0,36,57,No
jena-2.6.3,com.hp.hpl.jena.graph.impl,Fragments,5,7,0.0,52,57,No
jena-2.6.3,com.hp.hpl.jena.graph.impl,FragmentTripleIterator,2,1,0.0,26,56,No
jena-2.6.3,com.hp.hpl.jena.graph.impl,GraphAddList,0,1,0.0,11,56,No
jena-2.6.3,com.hp.hpl.jena.graph.impl,GraphBase,7,35,0.0,162,57,No
jena-2.6.3,com.hp.hpl.jena.graph.impl,GraphMatcher,0,142,0.0,688,58,No
jena-2.6.3,com.hp.hpl.jena.graph.impl,GraphWithPerform,1,0,0.0,5,58,No
jena-2.6.3,com.hp.hpl.jena.graph.impl,LiteralLabelFactory,1,0,0.0,19,58,No
jena-2.6.3,com.hp.hpl.jena.graph.impl,LiteralLabelImpl,0,26,0.0,205,58,No
jena-2.6.3,com.hp.hpl.jena.graph.impl,ReificationWrapper,2,26,0.0,130,58,No
jena-2.6.3,com.hp.hpl.jena.graph.impl,ReificationWrapperGraph,3,8,0.0,31,58,No
jena-2.6.3,com.hp.hpl.jena.graph.impl,ReifierFragmentHandler,0,3,0.0,6,58,No
jena-2.6.3,com.hp.hpl.jena.graph.impl,ReifierFragmentsMap,3,2,0.0,8,58,No
jena-2.6.3,com.hp.hpl.jena.graph.impl,ReifierTripleMap,1,1,0.0,14,58,No
jena-2.6.3,com.hp.hpl.jena.graph.impl,SimpleBulkUpdateHandler,2,37,0.0,116,58,No
jena-2.6.3,com.hp.hpl.jena.graph.impl,SimpleEventManager,1,39,0.0,93,58,No
jena-2.6.3,com.hp.hpl.jena.graph.impl,SimpleGraphMaker,1,11,0.0,47,58,No
jena-2.6.3,com.hp.hpl.jena.graph.impl,SimpleReifier,7,47,0.0,172,58,Yes
jena-2.6.3,com.hp.hpl.jena.graph.impl,SimpleReifierFragmentHandler,5,10,0.0,26,58,No
jena-2.6.3,com.hp.hpl.jena.graph.impl,SimpleReifierFragmentsMap,7,29,0.0,133,58,No
jena-2.6.3,com.hp.hpl.jena.graph.impl,SimpleReifierTripleMap,5,12,0.0,100,58,No
jena-2.6.3,com.hp.hpl.jena.graph.impl,SimpleTransactionHandler,1,0,0.0,15,58,No
jena-2.6.3,com.hp.hpl.jena.graph.impl,TransactionHandlerBase,0,0,0.0,12,58,No
jena-2.6.3,com.hp.hpl.jena.graph.impl,TripleStore,0,0,0.0,14,58,No
jena-2.6.3,com.hp.hpl.jena.graph.impl,WrappedBulkUpdateHandler,2,16,0.0,74,58,No
jena-2.6.3,com.hp.hpl.jena.graph.impl,WrappedGraph,4,10,0.0,62,58,No
jena-2.6.3,com.hp.hpl.jena.graph.impl,WrappedReifier,1,6,0.0,25,58,No
jena-2.6.3,com.hp.hpl.jena.ontology,AllDifferent,3,1,0.0,11,58,No
jena-2.6.3,com.hp.hpl.jena.ontology,AllValuesFromRestriction,5,0,0.0,8,58,No
jena-2.6.3,com.hp.hpl.jena.ontology,AnnotationProperty,1,0,0.0,4,58,No
jena-2.6.3,com.hp.hpl.jena.ontology,BooleanClassDescription,3,0,0.0,12,58,No
jena-2.6.3,com.hp.hpl.jena.ontology,CardinalityQRestriction,4,1,0.0,8,58,No
jena-2.6.3,com.hp.hpl.jena.ontology,CardinalityRestriction,3,0,0.0,8,57,No
jena-2.6.3,com.hp.hpl.jena.ontology,ComplementClass,2,0,0.0,6,57,No
jena-2.6.3,com.hp.hpl.jena.ontology,ConversionException,3,0,0.0,7,57,No
jena-2.6.3,com.hp.hpl.jena.ontology,DataRange,3,0,0.0,11,57,No
jena-2.6.3,com.hp.hpl.jena.ontology,DatatypeProperty,2,0,0.0,4,57,No
jena-2.6.3,com.hp.hpl.jena.ontology,EnumeratedClass,4,0,0.0,11,57,No
jena-2.6.3,com.hp.hpl.jena.ontology,FunctionalProperty,3,0,0.0,4,57,No
jena-2.6.3,com.hp.hpl.jena.ontology,HasValueRestriction,3,0,0.0,8,57,No
jena-2.6.3,com.hp.hpl.jena.ontology,Individual,4,0,0.0,13,57,No
jena-2.6.3,com.hp.hpl.jena.ontology,IntersectionClass,1,0,0.0,4,57,No
jena-2.6.3,com.hp.hpl.jena.ontology,InverseFunctionalProperty,3,0,0.0,4,56,No
jena-2.6.3,com.hp.hpl.jena.ontology,LanguageConsistencyException,2,0,0.0,8,56,No
jena-2.6.3,com.hp.hpl.jena.ontology,MaxCardinalityQRestriction,5,1,0.0,8,56,No
jena-2.6.3,com.hp.hpl.jena.ontology,MaxCardinalityRestriction,4,0,0.0,8,56,No
jena-2.6.3,com.hp.hpl.jena.ontology,MinCardinalityQRestriction,5,1,0.0,8,56,No
jena-2.6.3,com.hp.hpl.jena.ontology,MinCardinalityRestriction,4,0,0.0,8,56,No
jena-2.6.3,com.hp.hpl.jena.ontology,ObjectProperty,2,0,0.0,4,56,No
jena-2.6.3,com.hp.hpl.jena.ontology,OntClass,11,0,0.0,58,56,No
jena-2.6.3,com.hp.hpl.jena.ontology,OntDocumentManager,4,62,0.0,411,57,Yes
jena-2.6.3,com.hp.hpl.jena.ontology,OntModel,32,5,0.0,129,57,No
jena-2.6.3,com.hp.hpl.jena.ontology,OntModelSpec,6,27,0.0,163,57,No
jena-2.6.3,com.hp.hpl.jena.ontology,Ontology,3,0,0.0,28,57,No
jena-2.6.3,com.hp.hpl.jena.ontology,OntologyException,1,0,0.0,7,57,No
jena-2.6.3,com.hp.hpl.jena.ontology,OntProperty,12,0,0.0,66,57,No
jena-2.6.3,com.hp.hpl.jena.ontology,OntResource,13,8,0.0,88,57,No
jena-2.6.3,com.hp.hpl.jena.ontology,OntTools,4,34,0.0,271,57,No
jena-2.6.3,com.hp.hpl.jena.ontology,Profile,5,0,0.0,70,57,No
jena-2.6.3,com.hp.hpl.jena.ontology,ProfileException,4,1,0.0,8,57,No
jena-2.6.3,com.hp.hpl.jena.ontology,ProfileRegistry,1,4,0.0,19,57,No
jena-2.6.3,com.hp.hpl.jena.ontology,QualifiedRestriction,6,1,0.0,10,57,No
jena-2.6.3,com.hp.hpl.jena.ontology,Restriction,11,0,0.0,26,57,No
jena-2.6.3,com.hp.hpl.jena.ontology,SomeValuesFromRestriction,5,0,0.0,8,57,No
jena-2.6.3,com.hp.hpl.jena.ontology,SymmetricProperty,1,0,0.0,4,57,No
jena-2.6.3,com.hp.hpl.jena.ontology,TransitiveProperty,1,0,0.0,4,57,No
jena-2.6.3,com.hp.hpl.jena.ontology,UnionClass,1,0,0.0,4,57,No
jena-2.6.3,com.hp.hpl.jena.db.impl,DBBlob,1,3,0.0,14,57,No
jena-2.6.3,com.hp.hpl.jena.db.impl,DBBulkUpdateHandler,0,24,0.0,94,57,No
jena-2.6.3,com.hp.hpl.jena.db.impl,DBIDInt,1,1,0.0,11,56,No
jena-2.6.3,com.hp.hpl.jena.db.impl,DBPattern,5,40,0.0,188,57,No
jena-2.6.3,com.hp.hpl.jena.db.impl,DBPrefixMappingImpl,3,2,0.0,41,57,No
jena-2.6.3,com.hp.hpl.jena.db.impl,DBProp,1,2,0.0,65,57,No
jena-2.6.3,com.hp.hpl.jena.db.impl,DBPropDatabase,3,8,0.0,114,57,No
jena-2.6.3,com.hp.hpl.jena.db.impl,DBPropGraph,5,20,0.0,178,57,No
jena-2.6.3,com.hp.hpl.jena.db.impl,DBPropLSet,3,4,0.0,41,57,No
jena-2.6.3,com.hp.hpl.jena.db.impl,DBPropPrefix,2,0,0.0,20,57,No
jena-2.6.3,com.hp.hpl.jena.db.impl,DBPropPSet,2,0,0.0,17,57,No
jena-2.6.3,com.hp.hpl.jena.db.impl,DBQuery,6,13,0.0,70,57,No
jena-2.6.3,com.hp.hpl.jena.db.impl,DBQueryHandler,6,55,0.0,243,57,Yes
jena-2.6.3,com.hp.hpl.jena.db.impl,DBQueryStage,7,11,0.0,115,57,No
jena-2.6.3,com.hp.hpl.jena.db.impl,DBQueryStageCompiler,7,34,0.0,116,57,No
jena-2.6.3,com.hp.hpl.jena.db.impl,DBReifier,3,32,0.0,75,57,No
jena-2.6.3,com.hp.hpl.jena.db.impl,DBReifierGraph,3,20,0.0,104,58,No
jena-2.6.3,com.hp.hpl.jena.db.impl,DBTransactionHandler,1,0,0.0,19,57,No
jena-2.6.3,com.hp.hpl.jena.db.impl,DriverMap,0,3,0.0,41,57,No
jena-2.6.3,com.hp.hpl.jena.db.impl,DriverRDB,13,298,0.0,1594,60,Yes
jena-2.6.3,com.hp.hpl.jena.db.impl,Driver_Derby,10,9,0.0,117,60,No
jena-2.6.3,com.hp.hpl.jena.db.impl,Driver_HSQL,10,9,0.0,112,60,No
jena-2.6.3,com.hp.hpl.jena.db.impl,Driver_HSQLDB,1,0,0.0,8,60,No
jena-2.6.3,com.hp.hpl.jena.db.impl,Driver_MsSQL,10,12,0.0,114,60,No
jena-2.6.3,com.hp.hpl.jena.db.impl,Driver_MySQL,10,20,0.0,150,60,No
jena-2.6.3,com.hp.hpl.jena.db.impl,Driver_Oracle,11,14,0.0,151,61,No
jena-2.6.3,com.hp.hpl.jena.db.impl,Driver_Oracle_LOB,11,22,0.0,205,61,No
jena-2.6.3,com.hp.hpl.jena.db.impl,Driver_PostgreSQL,10,9,0.0,97,61,No
jena-2.6.3,com.hp.hpl.jena.db.impl,Free,0,5,0.0,48,61,No
jena-2.6.3,com.hp.hpl.jena.db.impl,GraphRDBMaker,0,10,0.0,70,61,No
jena-2.6.3,com.hp.hpl.jena.db.impl,ICache,0,0,0.0,6,61,No
jena-2.6.3,com.hp.hpl.jena.db.impl,IDBBlob,1,0,0.0,2,61,No
jena-2.6.3,com.hp.hpl.jena.db.impl,IDBID,0,1,0.0,1,61,No
jena-2.6.3,com.hp.hpl.jena.db.impl,IPSet,3,0,0.0,26,60,No
jena-2.6.3,com.hp.hpl.jena.db.impl,IRDBDriver,4,8,0.0,92,61,No
jena-2.6.3,com.hp.hpl.jena.db.impl,LRUCache,2,5,0.0,61,61,No
jena-2.6.3,com.hp.hpl.jena.db.impl,PSet_ReifStore_RDB,9,125,0.0,377,61,Yes
jena-2.6.3,com.hp.hpl.jena.db.impl,PSet_TripleStore_RDB,10,56,0.0,357,62,Yes
jena-2.6.3,com.hp.hpl.jena.db.impl,ReificationCache,1,9,0.0,37,61,No
jena-2.6.3,com.hp.hpl.jena.db.impl,ReificationCacheMap,6,33,0.0,75,61,No
jena-2.6.3,com.hp.hpl.jena.db.impl,ReificationStatementMask,2,16,0.0,64,62,No
jena-2.6.3,com.hp.hpl.jena.db.impl,ResultSetIterator,1,16,0.0,135,62,No
jena-2.6.3,com.hp.hpl.jena.db.impl,ResultSetReifIterator,4,35,0.0,129,62,No
jena-2.6.3,com.hp.hpl.jena.db.impl,ResultSetStringIterator,2,3,0.0,13,62,No
jena-2.6.3,com.hp.hpl.jena.db.impl,ResultSetTripleIterator,4,7,0.0,66,62,No
jena-2.6.3,com.hp.hpl.jena.db.impl,SimpleCache,1,3,0.0,28,62,No
jena-2.6.3,com.hp.hpl.jena.db.impl,SpecializedGraph,4,1,0.0,26,62,No
jena-2.6.3,com.hp.hpl.jena.db.impl,SpecializedGraphBase,1,0,0.0,9,61,No
jena-2.6.3,com.hp.hpl.jena.db.impl,SpecializedGraphReifier,1,4,0.0,7,61,No
jena-2.6.3,com.hp.hpl.jena.db.impl,SpecializedGraphReifier_RDB,13,99,0.0,221,62,Yes
jena-2.6.3,com.hp.hpl.jena.db.impl,SpecializedGraph_TripleStore,8,1,0.0,61,62,No
jena-2.6.3,com.hp.hpl.jena.db.impl,SpecializedGraph_TripleStore_RDB,5,11,0.0,28,62,No
jena-2.6.3,com.hp.hpl.jena.db.impl,SQLCache,2,98,0.0,392,62,No
jena-2.6.3,com.hp.hpl.jena.db.impl,VarDesc,0,2,0.0,39,62,No
jena-2.6.3,com.hp.hpl.jena.xmloutput.impl,Abbreviated,2,17,0.0,105,62,No
jena-2.6.3,com.hp.hpl.jena.xmloutput.impl,BaseXMLWriter,3,116,0.0,616,63,No
jena-2.6.3,com.hp.hpl.jena.xmloutput.impl,Basic,1,16,0.0,123,63,No
jena-2.6.3,com.hp.hpl.jena.xmloutput.impl,PairEntry,0,1,0.0,29,63,No
jena-2.6.3,com.hp.hpl.jena.xmloutput.impl,Relation,1,15,0.0,143,63,No
jena-2.6.3,com.hp.hpl.jena.xmloutput.impl,SimpleLogger,0,0,0.0,5,63,No
jena-2.6.3,com.hp.hpl.jena.xmloutput.impl,Unparser,3,155,0.0,1080,65,No
jena-2.6.3,com.hp.hpl.jena.datatypes,BaseDatatype,2,6,0.0,84,65,No
jena-2.6.3,com.hp.hpl.jena.datatypes,DatatypeFormatException,1,0,0.0,12,65,No
jena-2.6.3,com.hp.hpl.jena.datatypes,RDFDatatype,1,0,0.0,14,65,No
jena-2.6.3,com.hp.hpl.jena.datatypes,TypeMapper,3,7,0.0,67,65,No
jena-2.6.3,com.hp.hpl.jena.graph,BulkUpdateHandler,3,2,0.0,15,64,No
jena-2.6.3,com.hp.hpl.jena.graph,Capabilities,2,0,0.0,12,64,No
jena-2.6.3,com.hp.hpl.jena.graph,Factory,2,3,0.0,23,64,No
jena-2.6.3,com.hp.hpl.jena.graph,FrontsNode,1,0,0.0,4,64,No
jena-2.6.3,com.hp.hpl.jena.graph,FrontsTriple,3,0,0.0,4,64,No
jena-2.6.3,com.hp.hpl.jena.graph,GetTriple,3,0,0.0,4,64,No
jena-2.6.3,com.hp.hpl.jena.graph,Graph,10,1,0.0,23,64,No
jena-2.6.3,com.hp.hpl.jena.graph,GraphAdd,2,0,0.0,4,64,No
jena-2.6.3,com.hp.hpl.jena.graph,GraphEventManager,3,2,0.0,8,64,No
jena-2.6.3,com.hp.hpl.jena.graph,GraphEvents,3,0,0.0,34,64,No
jena-2.6.3,com.hp.hpl.jena.graph,GraphExtract,5,2,0.0,37,64,No
jena-2.6.3,com.hp.hpl.jena.graph,GraphListener,5,11,0.0,14,64,No
jena-2.6.3,com.hp.hpl.jena.graph,GraphMaker,1,1,0.0,15,64,No
jena-2.6.3,com.hp.hpl.jena.graph,GraphStatisticsHandler,2,0,0.0,4,63,No
jena-2.6.3,com.hp.hpl.jena.graph,GraphUtil,2,0,0.0,7,63,No
jena-2.6.3,com.hp.hpl.jena.graph,Node,9,11,0.0,111,63,No
jena-2.6.3,com.hp.hpl.jena.graph,NodeCache,1,5,0.0,33,63,No
jena-2.6.3,com.hp.hpl.jena.graph,NodeVisitor,6,0,0.0,8,63,No
jena-2.6.3,com.hp.hpl.jena.graph,Node_ANY,3,1,0.0,21,63,No
jena-2.6.3,com.hp.hpl.jena.graph,Node_Blank,3,0,0.0,2,63,No
jena-2.6.3,com.hp.hpl.jena.graph,Node_Concrete,1,0,0.0,8,63,No
jena-2.6.3,com.hp.hpl.jena.graph,Node_Fluid,1,0,0.0,8,63,No
jena-2.6.3,com.hp.hpl.jena.graph,Node_Literal,3,1,0.0,23,63,No
jena-2.6.3,com.hp.hpl.jena.graph,Node_NULL,3,1,0.0,15,63,No
jena-2.6.3,com.hp.hpl.jena.graph,Node_URI,3,1,0.0,41,63,No
jena-2.6.3,com.hp.hpl.jena.graph,Node_Variable,3,2,0.0,45,63,No
jena-2.6.3,com.hp.hpl.jena.graph,Reifier,5,5,0.0,40,63,No
jena-2.6.3,com.hp.hpl.jena.graph,TransactionHandler,0,0,0.0,8,63,No
jena-2.6.3,com.hp.hpl.jena.graph,Triple,4,3,0.0,125,63,No
jena-2.6.3,com.hp.hpl.jena.graph,TripleBoundary,1,0,0.0,8,63,No
jena-2.6.3,com.hp.hpl.jena.graph,TripleCache,2,4,0.0,27,63,No
jena-2.6.3,com.hp.hpl.jena.graph,TripleIterator,1,0,0.0,4,63,No
jena-2.6.3,com.hp.hpl.jena.graph,TripleMatch,2,0,0.0,6,62,No
jena-2.6.3,com.hp.hpl.jena.graph,TripleMatchFilter,2,0,0.0,7,62,No
jena-2.6.3,com.hp.hpl.jena.graph,TripleMatchIterator,3,0,0.0,7,62,No
jena-2.6.3,com.hp.hpl.jena.n3.turtle,LabelToNodeMap,0,1,0.0,23,62,No
jena-2.6.3,com.hp.hpl.jena.n3.turtle,ParserBase,3,57,0.0,308,63,No
jena-2.6.3,com.hp.hpl.jena.n3.turtle,ParserTurtle,2,0,0.0,32,63,No
jena-2.6.3,com.hp.hpl.jena.n3.turtle,Turtle2NTriples,2,0,0.0,0,62,No
jena-2.6.3,com.hp.hpl.jena.n3.turtle,TurtleEventDump,1,0,0.0,26,62,No
jena-2.6.3,com.hp.hpl.jena.n3.turtle,TurtleEventHandler,0,0,0.0,7,62,No
jena-2.6.3,com.hp.hpl.jena.n3.turtle,TurtleEventNull,1,0,0.0,7,62,No
jena-2.6.3,com.hp.hpl.jena.n3.turtle,TurtleParseException,0,1,0.0,7,62,No
jena-2.6.3,com.hp.hpl.jena.n3.turtle,TurtleRDFGraphInserter,2,3,0.0,24,62,No
jena-2.6.3,com.hp.hpl.jena.n3.turtle,TurtleReader,1,0,0.0,9,62,No
jena-2.6.3,com.hp.hpl.jena.rdf.arp,ALiteral,0,2,0.0,7,62,No
jena-2.6.3,com.hp.hpl.jena.rdf.arp,AResource,2,2,0.0,8,62,No
jena-2.6.3,com.hp.hpl.jena.rdf.arp,ARP,7,0,0.0,46,62,No
jena-2.6.3,com.hp.hpl.jena.rdf.arp,ARPConfig,8,0,0.0,6,62,No
jena-2.6.3,com.hp.hpl.jena.rdf.arp,ARPErrorNumbers,3,0,0.0,78,62,No
jena-2.6.3,com.hp.hpl.jena.rdf.arp,ARPEventHandler,4,0,0.0,2,62,No
jena-2.6.3,com.hp.hpl.jena.rdf.arp,ARPHandlers,6,0,0.0,35,62,No
jena-2.6.3,com.hp.hpl.jena.rdf.arp,ARPOptions,3,6,0.0,67,62,No
jena-2.6.3,com.hp.hpl.jena.rdf.arp,DOM2Model,5,0,0.0,33,62,No
jena-2.6.3,com.hp.hpl.jena.rdf.arp,ExtendedHandler,3,0,0.0,6,62,No
jena-2.6.3,com.hp.hpl.jena.rdf.arp,FatalParsingErrorException,4,0,0.0,3,61,No
jena-2.6.3,com.hp.hpl.jena.rdf.arp,JenaHandler,7,5,0.0,69,61,No
jena-2.6.3,com.hp.hpl.jena.rdf.arp,JenaReader,7,47,0.0,276,62,Yes
jena-2.6.3,com.hp.hpl.jena.rdf.arp,NamespaceHandler,0,0,0.0,4,62,No
jena-2.6.3,com.hp.hpl.jena.rdf.arp,NTriple,11,72,0.0,465,62,Yes
jena-2.6.3,com.hp.hpl.jena.rdf.arp,ParseException,2,14,0.0,86,62,No
jena-2.6.3,com.hp.hpl.jena.rdf.arp,SAX2Model,9,6,0.0,58,62,No
jena-2.6.3,com.hp.hpl.jena.rdf.arp,SAX2RDF,9,2,0.0,50,62,No
jena-2.6.3,com.hp.hpl.jena.rdf.arp,StatementHandler,2,0,0.0,4,62,No
jena-2.6.3,com.hp.hpl.jena.graph.impl ,LiteralLabel,0,0,0.0,18,62,No
jena-2.6.3,com.hp.hpl.jena.vocabulary,DAMLVocabulary,1,28,0.0,30,62,No
jena-2.6.3,com.hp.hpl.jena.vocabulary,DAML_OIL,2,59,0.0,106,62,No
jena-2.6.3,com.hp.hpl.jena.vocabulary,DB,0,3,0.0,35,62,No
jena-2.6.3,com.hp.hpl.jena.vocabulary,DC,1,0,0.0,2,62,No
jena-2.6.3,com.hp.hpl.jena.vocabulary,DCTerms,2,7,0.0,51,62,No
jena-2.6.3,com.hp.hpl.jena.vocabulary,DCTypes,2,0,0.0,11,62,No
jena-2.6.3,com.hp.hpl.jena.vocabulary,DC_10,1,2,0.0,25,62,No
jena-2.6.3,com.hp.hpl.jena.vocabulary,DC_11,2,2,0.0,12,62,No
jena-2.6.3,com.hp.hpl.jena.vocabulary,LocationMappingVocab,0,1,0.0,5,62,No
jena-2.6.3,com.hp.hpl.jena.vocabulary,OntDocManagerVocab,1,4,0.0,11,62,No
jena-2.6.3,com.hp.hpl.jena.vocabulary,OntEventsVocab,1,5,0.0,43,62,No
jena-2.6.3,com.hp.hpl.jena.vocabulary,OWL,1,2,0.0,46,62,No
jena-2.6.3,com.hp.hpl.jena.vocabulary,OWL2,1,5,0.0,87,62,No
jena-2.6.3,com.hp.hpl.jena.vocabulary,OWLResults,2,1,0.0,11,62,No
jena-2.6.3,com.hp.hpl.jena.vocabulary,OWLTest,2,0,0.0,20,61,No
jena-2.6.3,com.hp.hpl.jena.vocabulary,RDF,0,1,0.0,42,61,No
jena-2.6.3,com.hp.hpl.jena.vocabulary,RDFS,1,0,0.0,45,61,No
jena-2.6.3,com.hp.hpl.jena.vocabulary,RDFSyntax,2,1,0.0,43,61,No
jena-2.6.3,com.hp.hpl.jena.vocabulary,RDFTest,2,4,0.0,15,61,No
jena-2.6.3,com.hp.hpl.jena.vocabulary,ReasonerVocabulary,3,11,0.0,35,61,No
jena-2.6.3,com.hp.hpl.jena.vocabulary,ResultSet,0,2,0.0,16,61,No
jena-2.6.3,com.hp.hpl.jena.vocabulary,RSS,0,1,0.0,15,61,No
jena-2.6.3,com.hp.hpl.jena.vocabulary,VCARD,0,2,0.0,57,61,No
jena-2.6.3,com.hp.hpl.jena.vocabulary,XSD,1,22,0.0,68,61,No
jena-2.6.3,com.hp.hpl.jena.n3,IRIResolver,1,6,0.0,83,61,No
jena-2.6.3,com.hp.hpl.jena.n3,JenaReaderBase,1,11,0.0,86,61,No
jena-2.6.3,com.hp.hpl.jena.n3,JenaURIException,1,0,0.0,5,61,No
jena-2.6.3,com.hp.hpl.jena.n3,N3IndentedWriter,0,1,0.0,52,61,No
jena-2.6.3,com.hp.hpl.jena.n3,N3JenaWriter,3,6,0.0,51,61,No
jena-2.6.3,com.hp.hpl.jena.n3,N3JenaWriterCommon,2,87,0.0,561,62,No
jena-2.6.3,com.hp.hpl.jena.n3,N3JenaWriterPlain,2,0,0.0,3,62,No
jena-2.6.3,com.hp.hpl.jena.n3,N3JenaWriterPP,2,0,0.0,1,62,No
jena-2.6.3,com.hp.hpl.jena.n3,N3JenaWriterTriples,2,2,0.0,30,62,No
jena-2.6.3,com.hp.hpl.jena.n3,N3TurtleJenaWriter,2,0,0.0,0,62,No
jena-2.6.3,com.hp.hpl.jena.n3,RelativeURIException,1,0,0.0,4,61,No
jena-2.6.3,com.hp.hpl.jena.enhanced,AlreadyLinkedViewException,1,0,0.0,5,61,No
jena-2.6.3,com.hp.hpl.jena.enhanced,BuiltinPersonalities,2,4,0.0,52,61,No
jena-2.6.3,com.hp.hpl.jena.enhanced,EnhGraph,4,2,0.0,45,61,No
jena-2.6.3,com.hp.hpl.jena.enhanced,EnhNode,5,4,0.0,59,61,No
jena-2.6.3,com.hp.hpl.jena.enhanced,GraphPersonality,2,0,0.0,2,61,No
jena-2.6.3,com.hp.hpl.jena.enhanced,Implementation,2,0,0.0,4,61,No
jena-2.6.3,com.hp.hpl.jena.enhanced,NodePersonality,1,0,0.0,2,61,No
jena-2.6.3,com.hp.hpl.jena.enhanced,Personality,4,3,0.0,27,61,No
jena-2.6.3,com.hp.hpl.jena.enhanced,PersonalityConfigException,1,0,0.0,9,61,No
jena-2.6.3,com.hp.hpl.jena.enhanced,Polymorphic,2,5,0.0,41,61,No
jena-2.6.3,com.hp.hpl.jena.enhanced,UnsupportedPolymorphismException,2,0,0.0,22,61,No
jena-2.6.3,com.hp.hpl.jena.db,DBConnection,4,24,0.0,139,61,No
jena-2.6.3,com.hp.hpl.jena.db,GraphRDB,4,101,0.0,338,61,Yes
jena-2.6.3,com.hp.hpl.jena.db,IDBConnection,3,1,0.0,16,61,No
jena-2.6.3,com.hp.hpl.jena.db,ModelRDB,4,11,0.0,91,61,No
jena-2.6.3,com.hp.hpl.jena.db,RDFRDBException,0,0,0.0,5,61,No
jena-2.6.3,com.hp.hpl.jena.shared,AddDeniedException,1,0,0.0,7,61,No
jena-2.6.3,com.hp.hpl.jena.shared,AlreadyExistsException,1,0,0.0,5,61,No
jena-2.6.3,com.hp.hpl.jena.shared,AlreadyReifiedException,1,2,0.0,2,61,No
jena-2.6.3,com.hp.hpl.jena.shared,AssertionFailureException,1,0,0.0,5,61,No
jena-2.6.3,com.hp.hpl.jena.shared,BadBooleanException,1,0,0.0,5,61,No
jena-2.6.3,com.hp.hpl.jena.shared,BadCharLiteralException,1,0,0.0,5,61,No
jena-2.6.3,com.hp.hpl.jena.shared,BadDescriptionException,1,0,0.0,7,61,No
jena-2.6.3,com.hp.hpl.jena.shared,BadDescriptionMultipleRootsException,1,0,0.0,8,61,No
jena-2.6.3,com.hp.hpl.jena.shared,BadDescriptionNoRootException,1,0,0.0,7,61,No
jena-2.6.3,com.hp.hpl.jena.shared,BadURIException,1,0,0.0,5,61,No
jena-2.6.3,com.hp.hpl.jena.shared,BrokenException,1,0,0.0,9,60,No
jena-2.6.3,com.hp.hpl.jena.shared,CannotCreateException,1,0,0.0,7,60,No
jena-2.6.3,com.hp.hpl.jena.shared,CannotEncodeCharacterException,1,0,0.0,15,60,No
jena-2.6.3,com.hp.hpl.jena.shared,CannotReifyException,1,2,0.0,2,60,No
jena-2.6.3,com.hp.hpl.jena.shared,ClosedException,1,0,0.0,11,60,No
jena-2.6.3,com.hp.hpl.jena.shared,Command,0,0,0.0,4,60,No
jena-2.6.3,com.hp.hpl.jena.shared,ConfigException,1,0,0.0,14,60,No
jena-2.6.3,com.hp.hpl.jena.shared,DeleteDeniedException,1,0,0.0,7,60,No
jena-2.6.3,com.hp.hpl.jena.shared,DoesNotExistException,1,0,0.0,5,60,No
jena-2.6.3,com.hp.hpl.jena.shared,InvalidPropertyURIException,1,0,0.0,5,60,No
jena-2.6.3,com.hp.hpl.jena.shared,JenaException,0,0,0.0,7,60,No
jena-2.6.3,com.hp.hpl.jena.shared,Lock,0,1,0.0,6,60,No
jena-2.6.3,com.hp.hpl.jena.shared,LockMutex,1,0,0.0,12,60,No
jena-2.6.3,com.hp.hpl.jena.shared,LockNone,1,0,0.0,9,60,No
jena-2.6.3,com.hp.hpl.jena.shared,NamespaceEndsWithNameCharException,2,0,0.0,5,60,No
jena-2.6.3,com.hp.hpl.jena.shared,NoReaderForLangException,1,0,0.0,5,59,No
jena-2.6.3,com.hp.hpl.jena.shared,NoReasonerSuppliedException,1,0,0.0,4,59,No
jena-2.6.3,com.hp.hpl.jena.shared,NoSuchReasonerException,1,0,0.0,10,59,No
jena-2.6.3,com.hp.hpl.jena.shared,NotFoundException,1,0,0.0,5,59,No
jena-2.6.3,com.hp.hpl.jena.shared,NoWriterForLangException,1,0,0.0,5,59,No
jena-2.6.3,com.hp.hpl.jena.shared,PrefixMapping,2,0,0.0,43,59,No
jena-2.6.3,com.hp.hpl.jena.shared,PropertyNotFoundException,2,0,0.0,5,59,No
jena-2.6.3,com.hp.hpl.jena.shared,QueryStageException,1,0,0.0,5,59,No
jena-2.6.3,com.hp.hpl.jena.shared,RandomOrderGraph,0,0,0.0,24,59,No
jena-2.6.3,com.hp.hpl.jena.shared,ReificationStyle,0,8,0.0,25,59,No
jena-2.6.3,com.hp.hpl.jena.shared,RulesetNotFoundException,2,0,0.0,9,59,No
jena-2.6.3,com.hp.hpl.jena.shared,SyntaxError,1,0,0.0,5,59,No
jena-2.6.3,com.hp.hpl.jena.shared,UnknownPropertyException,1,0,0.0,5,59,No
jena-2.6.3,com.hp.hpl.jena.shared,UpdateDeniedException,1,0,0.0,13,59,No
jena-2.6.3,com.hp.hpl.jena.shared,WrappedException,1,0,0.0,7,59,No
jena-2.6.3,com.hp.hpl.jena.shared,WrappedIOException,1,0,0.0,7,59,No
jena-2.6.3,com.hp.hpl.jena.mem.faster,FasterPatternStage,1,0,0.0,5,58,No
jena-2.6.3,com.hp.hpl.jena.mem.faster,FasterTripleStore,2,9,0.0,63,58,No
jena-2.6.3,com.hp.hpl.jena.mem.faster,GraphMemFaster,4,32,0.0,112,59,No
jena-2.6.3,com.hp.hpl.jena.mem.faster,GraphMemFasterQueryHandler,2,0,0.0,7,58,No
jena-2.6.3,com.hp.hpl.jena.mem.faster,NodeToTriplesMapFaster,1,18,0.0,127,59,No
jena-2.6.3,com.hp.hpl.jena.mem.faster,ProcessedTriple,1,0,0.0,19,58,No
jena-2.6.3,com.hp.hpl.jena.graph.compose,CompositionBase,1,2,0.0,56,58,No
jena-2.6.3,com.hp.hpl.jena.graph.compose,Delta,1,1,0.0,34,58,No
jena-2.6.3,com.hp.hpl.jena.graph.compose,Difference,1,3,0.0,14,58,No
jena-2.6.3,com.hp.hpl.jena.graph.compose,DisjointUnion,2,1,0.0,13,58,No
jena-2.6.3,com.hp.hpl.jena.graph.compose,Dyadic,2,0,0.0,29,58,No
jena-2.6.3,com.hp.hpl.jena.graph.compose,Intersection,1,2,0.0,20,58,No
jena-2.6.3,com.hp.hpl.jena.graph.compose,MultiUnion,2,9,0.0,80,58,No
jena-2.6.3,com.hp.hpl.jena.graph.compose,Polyadic,2,14,0.0,93,58,No
jena-2.6.3,com.hp.hpl.jena.graph.compose,PolyadicPrefixMappingImpl,1,16,0.0,119,58,No
jena-2.6.3,com.hp.hpl.jena.graph.compose,Union,2,0,0.0,19,58,No
jena-2.6.3,com.hp.hpl.jena.shared ,LockMRSW,0,19,0.0,133,58,No
jena-2.6.3,com.hp.hpl.jena.reasoner.rulesys.impl,BaseRuleReasonerFactory,0,0,0.0,3,58,No
jena-2.6.3,com.hp.hpl.jena.reasoner.rulesys.impl,BBRuleContext,0,0,0.0,45,58,No
jena-2.6.3,com.hp.hpl.jena.reasoner.rulesys.impl,BFRuleContext,1,10,0.0,90,58,No
jena-2.6.3,com.hp.hpl.jena.reasoner.rulesys.impl,BindingStack,0,22,0.0,100,58,No
jena-2.6.3,com.hp.hpl.jena.reasoner.rulesys.impl,BindingVector,0,57,0.0,194,59,No
jena-2.6.3,com.hp.hpl.jena.reasoner.rulesys.impl,ChoicePointFrame,3,5,0.0,28,59,No
jena-2.6.3,com.hp.hpl.jena.reasoner.rulesys.impl,ConsumerChoicePointFrame,9,17,0.0,85,59,No
jena-2.6.3,com.hp.hpl.jena.reasoner.rulesys.impl,EnvironmentFrame,2,4,0.0,25,59,No
jena-2.6.3,com.hp.hpl.jena.reasoner.rulesys.impl,EnvironmentFrameWithDerivation,3,3,0.0,25,59,No
jena-2.6.3,com.hp.hpl.jena.reasoner.rulesys.impl,FrameObject,0,0,0.0,13,58,No
jena-2.6.3,com.hp.hpl.jena.reasoner.rulesys.impl,FRuleEngine,4,88,0.0,355,59,Yes
jena-2.6.3,com.hp.hpl.jena.reasoner.rulesys.impl,FRuleEngineI,2,0,0.0,11,59,No
jena-2.6.3,com.hp.hpl.jena.reasoner.rulesys.impl,Generator,8,51,0.0,190,59,Yes
jena-2.6.3,com.hp.hpl.jena.reasoner.rulesys.impl,GenericChoiceFrame,3,0,0.0,12,59,No
jena-2.6.3,com.hp.hpl.jena.reasoner.rulesys.impl,GenericTripleMatchFrame,3,16,0.0,57,59,No
jena-2.6.3,com.hp.hpl.jena.reasoner.rulesys.impl,LPAgendaEntry,1,0,0.0,5,59,No
jena-2.6.3,com.hp.hpl.jena.reasoner.rulesys.impl,LPBindingEnvironment,1,7,0.0,27,59,No
jena-2.6.3,com.hp.hpl.jena.reasoner.rulesys.impl,LPBRuleEngine,8,24,0.0,189,59,No
jena-2.6.3,com.hp.hpl.jena.reasoner.rulesys.impl,LPInterpreter,16,111,0.0,526,59,Yes
jena-2.6.3,com.hp.hpl.jena.reasoner.rulesys.impl,LPInterpreterContext,4,4,0.0,5,59,No
jena-2.6.3,com.hp.hpl.jena.reasoner.rulesys.impl,LPInterpreterState,3,0,0.0,2,59,No
jena-2.6.3,com.hp.hpl.jena.reasoner.rulesys.impl,LPRuleStore,2,28,0.0,143,59,No
jena-2.6.3,com.hp.hpl.jena.reasoner.rulesys.impl,LPRuleSyntaxException,0,0,0.0,10,59,No
jena-2.6.3,com.hp.hpl.jena.reasoner.rulesys.impl,LPTopGoalIterator,6,24,0.0,108,59,No
jena-2.6.3,com.hp.hpl.jena.reasoner.rulesys.impl,MutableTriplePattern,0,0,0.0,10,59,No
jena-2.6.3,com.hp.hpl.jena.reasoner.rulesys.impl,OWLExptRuleTranslationHook,0,3,0.0,39,59,No
jena-2.6.3,com.hp.hpl.jena.reasoner.rulesys.impl,OWLRuleTranslationHook,0,5,0.0,45,59,No
jena-2.6.3,com.hp.hpl.jena.reasoner.rulesys.impl,RDFSCMPPreprocessHook,0,4,0.0,22,59,No
jena-2.6.3,com.hp.hpl.jena.reasoner.rulesys.impl,RETEClauseFilter,5,29,0.0,141,59,No
jena-2.6.3,com.hp.hpl.jena.reasoner.rulesys.impl,RETEConflictSet,3,34,0.0,120,59,No
jena-2.6.3,com.hp.hpl.jena.reasoner.rulesys.impl,RETEEngine,11,56,0.0,272,60,Yes
jena-2.6.3,com.hp.hpl.jena.reasoner.rulesys.impl,RETENode,1,0,0.0,3,60,No
jena-2.6.3,com.hp.hpl.jena.reasoner.rulesys.impl,RETEQueue,5,14,0.0,80,60,No
jena-2.6.3,com.hp.hpl.jena.reasoner.rulesys.impl,RETERuleContext,1,10,0.0,79,60,No
jena-2.6.3,com.hp.hpl.jena.reasoner.rulesys.impl,RETESinkNode,2,0,0.0,3,60,No
jena-2.6.3,com.hp.hpl.jena.reasoner.rulesys.impl,RETESourceNode,2,0,0.0,3,60,No
jena-2.6.3,com.hp.hpl.jena.reasoner.rulesys.impl,RETETerminal,6,3,0.0,30,60,No
jena-2.6.3,com.hp.hpl.jena.reasoner.rulesys.impl,RuleClauseCode,3,111,0.0,473,60,No
jena-2.6.3,com.hp.hpl.jena.reasoner.rulesys.impl,RuleStore,0,21,0.0,90,60,No
jena-2.6.3,com.hp.hpl.jena.reasoner.rulesys.impl,SafeGraph,0,0,0.0,5,60,No
jena-2.6.3,com.hp.hpl.jena.reasoner.rulesys.impl,StateFlag,0,1,0.0,9,60,No
jena-2.6.3,com.hp.hpl.jena.reasoner.rulesys.impl,TempNodeCache,0,6,0.0,49,60,No
jena-2.6.3,com.hp.hpl.jena.reasoner.rulesys.impl,TopLevelTripleMatchFrame,3,4,0.0,20,60,No
jena-2.6.3,com.hp.hpl.jena.reasoner.rulesys.impl,TripleMatchFrame,2,3,0.0,20,60,No
jena-2.6.3,com.hp.hpl.jena.reasoner.rulesys.impl,WrappedReasonerFactory,0,2,0.0,35,60,No
jena-2.6.3,com.hp.hpl.jena.assembler.assemblers,AssemblerBase,0,8,0.0,87,60,No
jena-2.6.3,com.hp.hpl.jena.assembler.assemblers,AssemblerGroup,1,10,0.0,105,60,No
jena-2.6.3,com.hp.hpl.jena.assembler.assemblers,ConnectionAssembler,1,6,0.0,67,60,No
jena-2.6.3,com.hp.hpl.jena.assembler.assemblers,ContentAssembler,1,6,0.0,140,60,No
jena-2.6.3,com.hp.hpl.jena.assembler.assemblers,DefaultModelAssembler,1,0,0.0,12,60,No
jena-2.6.3,com.hp.hpl.jena.assembler.assemblers,DocumentManagerAssembler,1,0,0.0,25,60,No
jena-2.6.3,com.hp.hpl.jena.assembler.assemblers,FileManagerAssembler,1,0,0.0,16,60,No
jena-2.6.3,com.hp.hpl.jena.assembler.assemblers,FileModelAssembler,2,13,0.0,58,60,No
jena-2.6.3,com.hp.hpl.jena.assembler.assemblers,InfModelAssembler,1,0,0.0,27,60,No
jena-2.6.3,com.hp.hpl.jena.assembler.assemblers,LocationMapperAssembler,1,0,0.0,9,60,No
jena-2.6.3,com.hp.hpl.jena.assembler.assemblers,MemoryModelAssembler,1,1,0.0,12,60,No
jena-2.6.3,com.hp.hpl.jena.assembler.assemblers,ModelAssembler,3,12,0.0,100,60,No
jena-2.6.3,com.hp.hpl.jena.assembler.assemblers,ModelSourceAssembler,1,0,0.0,16,60,No
jena-2.6.3,com.hp.hpl.jena.assembler.assemblers,NamedModelAssembler,1,0,0.0,8,60,No
jena-2.6.3,com.hp.hpl.jena.assembler.assemblers,OntModelAssembler,2,2,0.0,31,60,No
jena-2.6.3,com.hp.hpl.jena.assembler.assemblers,OntModelSpecAssembler,2,12,0.0,77,60,No
jena-2.6.3,com.hp.hpl.jena.assembler.assemblers,PrefixMappingAssembler,1,2,0.0,34,60,No
jena-2.6.3,com.hp.hpl.jena.assembler.assemblers,RDBModelAssembler,2,11,0.0,52,60,No
jena-2.6.3,com.hp.hpl.jena.assembler.assemblers,ReasonerFactoryAssembler,2,8,0.0,113,60,No
jena-2.6.3,com.hp.hpl.jena.assembler.assemblers,RuleSetAssembler,1,3,0.0,44,60,No
jena-2.6.3,com.hp.hpl.jena.assembler.assemblers,UnionModelAssembler,1,1,0.0,31,60,No
jena-2.6.3,com.hp.hpl.jena.shared.impl,JenaParameters,0,0,0.0,9,59,No
jena-2.6.3,com.hp.hpl.jena.shared.impl,PrefixMappingImpl,0,14,0.0,136,60,No
jena-2.6.3,com.hp.hpl.jena.shared.wg,LazyFileInputStream,2,0,0.0,2,60,No
jena-2.6.3,com.hp.hpl.jena.shared.wg,LazyInputStream,1,4,0.0,25,59,No
jena-2.6.3,com.hp.hpl.jena.shared.wg,LazyURLInputStream,2,0,0.0,2,59,No
jena-2.6.3,com.hp.hpl.jena.shared.wg,LazyZipEntryInputStream,1,0,0.0,3,59,No
jena-2.6.3,com.hp.hpl.jena.shared.wg,TestInputStreamFactory,3,12,0.0,109,59,No
jena-2.6.3,com.hp.hpl.jena.util.cache,Cache,2,2,0.0,4,59,No
jena-2.6.3,com.hp.hpl.jena.util.cache,CacheControl,1,1,0.0,8,59,No
jena-2.6.3,com.hp.hpl.jena.util.cache,CacheManager,3,3,0.0,9,59,No
jena-2.6.3,com.hp.hpl.jena.util.cache,EnhancedNodeCache,1,4,0.0,52,59,No
jena-2.6.3,com.hp.hpl.jena.util.cache,RandCache,2,0,0.0,11,59,No
jena-2.6.3,com.hp.hpl.jena,Jena,1,1,0.0,9,59,No
jena-2.6.3,com.hp.hpl.jena,JenaRuntime,1,3,0.0,47,59,No
jena-2.6.3,com.hp.hpl.jena.n3.turtle.parser ,JavaCharStream,1,38,0.0,285,59,No
jena-2.6.3,com.hp.hpl.jena.n3.turtle.parser ,ParseException,1,23,0.0,106,59,No
jena-2.6.3,com.hp.hpl.jena.n3.turtle.parser ,Token,0,3,0.0,37,59,No
jena-2.6.3,com.hp.hpl.jena.n3.turtle.parser ,TokenMgrError,1,13,0.0,64,59,No
jena-2.6.3,com.hp.hpl.jena.n3.turtle.parser ,TurtleParser,5,312,0.0,723,60,Yes
jena-2.6.3,com.hp.hpl.jena.n3.turtle.parser ,TurtleParserConstants,2,0,0.0,102,60,No
jena-2.6.3,com.hp.hpl.jena.n3.turtle.parser ,TurtleParserTokenManager,5,4,0.0,62,60,No
jena-2.6.3,com.hp.hpl.jena.rdf.arp.lang,IanaLanguageTag,3,9,0.0,82,60,No
jena-2.6.3,com.hp.hpl.jena.rdf.arp.lang,Iso3166,1,0,0.0,249,60,No
jena-2.6.3,com.hp.hpl.jena.rdf.arp.lang,Iso639,2,8,0.0,516,61,No
jena-2.6.3,com.hp.hpl.jena.rdf.arp.lang,LanguageTag,5,49,0.0,148,61,Yes
jena-2.6.3,com.hp.hpl.jena.rdf.arp.lang,LanguageTagCodes,1,1,0.0,13,61,No
jena-2.6.3,com.hp.hpl.jena.rdf.arp.lang,LanguageTagSyntaxException,1,0,0.0,6,61,No
jena-2.6.3,com.hp.hpl.jena.assembler.exceptions,AmbiguousSpecificTypeException,1,4,0.0,24,61,No
jena-2.6.3,com.hp.hpl.jena.assembler.exceptions,AssemblerException,0,3,0.0,66,61,No
jena-2.6.3,com.hp.hpl.jena.assembler.exceptions,CannotConstructException,1,0,0.0,33,61,No
jena-2.6.3,com.hp.hpl.jena.assembler.exceptions,CannotHaveRulesException,1,0,0.0,12,61,No
jena-2.6.3,com.hp.hpl.jena.assembler.exceptions,CannotLoadClassException,1,0,0.0,19,61,No
jena-2.6.3,com.hp.hpl.jena.assembler.exceptions,NoImplementationException,1,1,0.0,23,61,No
jena-2.6.3,com.hp.hpl.jena.assembler.exceptions,NoSpecificTypeException,1,3,0.0,7,61,No
jena-2.6.3,com.hp.hpl.jena.assembler.exceptions,NotExpectedTypeException,1,0,0.0,15,61,No
jena-2.6.3,com.hp.hpl.jena.assembler.exceptions,NotUniqueException,1,1,0.0,18,61,No
jena-2.6.3,com.hp.hpl.jena.assembler.exceptions,PropertyRequiredException,1,0,0.0,18,60,No
jena-2.6.3,com.hp.hpl.jena.assembler.exceptions,ReasonerClashException,1,0,0.0,5,60,No
jena-2.6.3,com.hp.hpl.jena.assembler.exceptions,TransactionAbortedException,1,0,0.0,12,60,No
jena-2.6.3,com.hp.hpl.jena.assembler.exceptions,UnknownEncodingException,1,0,0.0,18,60,No
jena-2.6.3,com.hp.hpl.jena.assembler.exceptions,UnknownReasonerException,1,1,0.0,13,60,No
jena-2.6.3,com.hp.hpl.jena.assembler.exceptions,UnknownStyleException,1,1,0.0,18,60,No
