Project Name,Package Name,Class Name,ATFD,WMC,TCC,LOC,Avgloc,God Class (Case 5)
jfreechart-1.0.19,,MouseHandlerFX,0,1,0.0,11,11,No
jfreechart-1.0.19,org.jfree.chart.util,AttrStringUtils,1,16,0.0,174,92,No
jfreechart-1.0.19,org.jfree.chart.util,CloneUtils,1,6,0.0,35,73,No
jfreechart-1.0.19,org.jfree.chart.util,DefaultShadowGenerator,2,15,0.0,147,91,No
jfreechart-1.0.19,org.jfree.chart.util,DirectionalGradientPaintTransformer,0,4,0.0,45,82,No
jfreechart-1.0.19,org.jfree.chart.util,ExportUtils,1,2,0.0,120,88,No
jfreechart-1.0.19,org.jfree.chart.util,HexNumberFormat,0,3,0.0,39,81,No
jfreechart-1.0.19,org.jfree.chart.util,HMSNumberFormat,0,0,0.0,27,74,No
jfreechart-1.0.19,org.jfree.chart.util,LineUtilities,1,12,0.0,84,75,No
jfreechart-1.0.19,org.jfree.chart.util,LogFormat,1,10,0.0,89,77,No
jfreechart-1.0.19,org.jfree.chart.util,PaintAlpha,0,17,0.0,103,79,No
jfreechart-1.0.19,org.jfree.chart.util,ParamChecks,0,2,0.0,13,73,No
jfreechart-1.0.19,org.jfree.chart.util,RelativeDateFormat,1,20,0.0,219,85,No
jfreechart-1.0.19,org.jfree.chart.util,ResourceBundleWrapper,0,6,0.0,39,81,No
jfreechart-1.0.19,org.jfree.chart.util,ShadowGenerator,0,0,0.0,5,76,No
jfreechart-1.0.19,org.jfree.chart.util,TextUtils,1,15,0.0,114,79,No
jfreechart-1.0.19,org.jfree.chart.util,XYCoordinateType,0,6,0.0,39,76,No
jfreechart-1.0.19,org.jfree.chart.util,HMSNumberFormatTest,1,0,0.0,12,73,No
jfreechart-1.0.19,org.jfree.chart.util,LineUtilitiesTest,1,4,0.0,56,72,No
jfreechart-1.0.19,org.jfree.chart.util,LogFormatTest,1,0,0.0,44,70,No
jfreechart-1.0.19,org.jfree.chart.util,RelativeDateFormatTest,1,0,0.0,114,72,No
jfreechart-1.0.19,org.jfree.chart.fx,ChartCanvas,2,42,0.0,241,80,No
jfreechart-1.0.19,org.jfree.chart.fx,ChartViewer,2,10,0.0,158,83,No
jfreechart-1.0.19,org.jfree.chart.fx,ChartViewerSkin,2,0,0.0,59,82,No
jfreechart-1.0.19,org.jfree.chart.fx,FXGraphics2D,0,90,0.0,789,111,No
jfreechart-1.0.19,org.jfree.chart.fx,package-info,0,0,0.0,0,106,No
jfreechart-1.0.19,org.jfree.data.jdbc,JDBCCategoryDataset,0,23,0.0,128,107,No
jfreechart-1.0.19,org.jfree.data.jdbc,JDBCPieDataset,0,17,0.0,94,107,No
jfreechart-1.0.19,org.jfree.data.jdbc,JDBCXYDataset,0,56,0.0,256,112,No
jfreechart-1.0.19,org.jfree.data.gantt,GanttCategoryDataset,0,0,0.0,15,108,No
jfreechart-1.0.19,org.jfree.data.gantt,SlidingGanttCategoryDataset,1,30,0.0,253,113,No
jfreechart-1.0.19,org.jfree.data.gantt,Task,0,8,0.0,78,112,No
jfreechart-1.0.19,org.jfree.data.gantt,TaskSeries,2,8,0.0,64,111,No
jfreechart-1.0.19,org.jfree.data.gantt,TaskSeriesCollection,3,29,0.0,308,116,No
jfreechart-1.0.19,org.jfree.data.gantt,XYTaskDataset,3,18,0.0,181,118,No
jfreechart-1.0.19,org.jfree.data.gantt,SlidingGanttCategoryDatasetTest,5,0,0.0,74,117,No
jfreechart-1.0.19,org.jfree.data.gantt,TaskSeriesCollectionTest,3,0,0.0,408,125,No
jfreechart-1.0.19,org.jfree.data.gantt,TaskSeriesTest,2,0,0.0,51,123,No
jfreechart-1.0.19,org.jfree.data.gantt,TaskTest,1,0,0.0,53,121,No
jfreechart-1.0.19,org.jfree.data.gantt,XYTaskDatasetTest,4,0,0.0,66,120,No
jfreechart-1.0.19,org.jfree.chart.panel,AbstractOverlay,1,5,0.0,26,117,No
jfreechart-1.0.19,org.jfree.chart.panel,CrosshairOverlay,2,63,0.0,362,123,No
jfreechart-1.0.19,org.jfree.chart.panel,Overlay,0,0,0.0,5,120,No
jfreechart-1.0.19,org.jfree.chart.panel,CrosshairOverlayTest,2,0,0.0,31,118,No
jfreechart-1.0.19,org.jfree.chart.editor,ChartEditor,1,0,0.0,3,116,No
jfreechart-1.0.19,org.jfree.chart.editor,ChartEditorFactory,1,0,0.0,3,113,No
jfreechart-1.0.19,org.jfree.chart.editor,ChartEditorManager,4,0,0.0,14,111,No
jfreechart-1.0.19,org.jfree.chart.editor,DefaultAxisEditor,2,16,0.0,194,113,No
jfreechart-1.0.19,org.jfree.chart.editor,DefaultChartEditor,4,7,0.0,123,113,No
jfreechart-1.0.19,org.jfree.chart.editor,DefaultChartEditorFactory,3,0,0.0,8,111,No
jfreechart-1.0.19,org.jfree.chart.editor,DefaultColorBarEditor,3,7,0.0,95,111,No
jfreechart-1.0.19,org.jfree.chart.editor,DefaultLogAxisEditor,1,7,0.0,73,110,No
jfreechart-1.0.19,org.jfree.chart.editor,DefaultNumberAxisEditor,1,7,0.0,85,109,No
jfreechart-1.0.19,org.jfree.chart.editor,DefaultPlotEditor,3,58,0.0,361,114,No
jfreechart-1.0.19,org.jfree.chart.editor,DefaultPolarPlotEditor,1,6,0.0,96,114,No
jfreechart-1.0.19,org.jfree.chart.editor,DefaultTitleEditor,0,13,0.0,130,114,No
jfreechart-1.0.19,org.jfree.chart.editor,DefaultValueAxisEditor,2,20,0.0,202,116,No
jfreechart-1.0.19,org.jfree.chart.editor,PaletteChooserPanel,1,1,0.0,14,114,No
jfreechart-1.0.19,org.jfree.chart.editor,PaletteSample,0,2,0.0,50,113,No
jfreechart-1.0.19,org.jfree.chart.renderer.xy,AbstractXYItemRenderer,2,135,0.0,996,127,No
jfreechart-1.0.19,org.jfree.chart.renderer.xy,CandlestickRenderer,3,60,0.0,394,132,No
jfreechart-1.0.19,org.jfree.chart.renderer.xy,ClusteredXYBarRenderer,3,29,0.0,177,133,No
jfreechart-1.0.19,org.jfree.chart.renderer.xy,CyclicXYItemRenderer,3,34,0.0,241,134,No
jfreechart-1.0.19,org.jfree.chart.renderer.xy,DefaultXYItemRenderer,2,0,0.0,2,132,No
jfreechart-1.0.19,org.jfree.chart.renderer.xy,DeviationRenderer,3,17,0.0,149,132,No
jfreechart-1.0.19,org.jfree.chart.renderer.xy,GradientXYBarPainter,2,23,0.0,201,133,No
jfreechart-1.0.19,org.jfree.chart.renderer.xy,HighLowRenderer,3,35,0.0,215,135,No
jfreechart-1.0.19,org.jfree.chart.renderer.xy,SamplingXYLineRenderer,3,19,0.0,152,135,No
jfreechart-1.0.19,org.jfree.chart.renderer.xy,StackedXYAreaRenderer,5,43,0.0,294,137,No
jfreechart-1.0.19,org.jfree.chart.renderer.xy,StackedXYAreaRenderer2,5,47,0.0,313,140,No
jfreechart-1.0.19,org.jfree.chart.renderer.xy,StackedXYBarRenderer,3,40,0.0,213,141,No
jfreechart-1.0.19,org.jfree.chart.renderer.xy,StandardXYBarPainter,3,15,0.0,95,140,No
jfreechart-1.0.19,org.jfree.chart.renderer.xy,StandardXYItemRenderer,4,69,0.0,444,144,No
jfreechart-1.0.19,org.jfree.chart.renderer.xy,VectorRenderer,4,32,0.0,189,145,No
jfreechart-1.0.19,org.jfree.chart.renderer.xy,WindItemRenderer,3,0,0.0,66,144,No
jfreechart-1.0.19,org.jfree.chart.renderer.xy,XYAreaRenderer,4,49,0.0,352,147,No
jfreechart-1.0.19,org.jfree.chart.renderer.xy,XYAreaRenderer2,5,20,0.0,203,147,No
jfreechart-1.0.19,org.jfree.chart.renderer.xy,XYBarPainter,1,0,0.0,7,145,No
jfreechart-1.0.19,org.jfree.chart.renderer.xy,XYBarRenderer,5,90,0.0,589,151,No
jfreechart-1.0.19,org.jfree.chart.renderer.xy,XYBlockRenderer,3,30,0.0,194,152,No
jfreechart-1.0.19,org.jfree.chart.renderer.xy,XYBoxAndWhiskerRenderer,4,57,0.0,395,155,No
jfreechart-1.0.19,org.jfree.chart.renderer.xy,XYBubbleRenderer,3,25,0.0,173,155,No
jfreechart-1.0.19,org.jfree.chart.renderer.xy,XYDifferenceRenderer,3,81,0.0,677,161,No
jfreechart-1.0.19,org.jfree.chart.renderer.xy,XYDotRenderer,3,17,0.0,147,161,No
jfreechart-1.0.19,org.jfree.chart.renderer.xy,XYErrorRenderer,3,24,0.0,189,161,No
jfreechart-1.0.19,org.jfree.chart.renderer.xy,XYItemRenderer,1,15,0.0,185,162,No
jfreechart-1.0.19,org.jfree.chart.renderer.xy,XYItemRendererState,1,0,0.0,31,160,No
jfreechart-1.0.19,org.jfree.chart.renderer.xy,XYLine3DRenderer,1,10,0.0,94,159,No
jfreechart-1.0.19,org.jfree.chart.renderer.xy,XYLineAndShapeRenderer,3,69,0.0,540,164,No
jfreechart-1.0.19,org.jfree.chart.renderer.xy,XYShapeRenderer,4,36,0.0,243,164,No
jfreechart-1.0.19,org.jfree.chart.renderer.xy,XYSplineRenderer,3,32,0.0,229,165,No
jfreechart-1.0.19,org.jfree.chart.renderer.xy,XYStepAreaRenderer,4,42,0.0,270,166,No
jfreechart-1.0.19,org.jfree.chart.renderer.xy,XYStepRenderer,3,17,0.0,138,166,No
jfreechart-1.0.19,org.jfree.chart.renderer.xy,YIntervalRenderer,3,10,0.0,112,165,No
jfreechart-1.0.19,org.jfree.chart.renderer.xy,AbstractXYItemRendererTest,4,0,0.0,87,165,No
jfreechart-1.0.19,org.jfree.chart.renderer.xy,CandlestickRendererTest,1,0,0.0,113,164,No
jfreechart-1.0.19,org.jfree.chart.renderer.xy,ClusteredXYBarRendererTest,5,0,0.0,82,163,No
jfreechart-1.0.19,org.jfree.chart.renderer.xy,DeviationRendererTest,1,0,0.0,41,162,No
jfreechart-1.0.19,org.jfree.chart.renderer.xy,GradientXYBarPainterTest,2,0,0.0,42,161,No
jfreechart-1.0.19,org.jfree.chart.renderer.xy,HighLowRendererTest,1,0,0.0,79,160,No
jfreechart-1.0.19,org.jfree.chart.renderer.xy,RendererXYPackageUtils,9,0,0.0,26,159,No
jfreechart-1.0.19,org.jfree.chart.renderer.xy,StackedXYAreaRenderer2Test,6,0,0.0,80,158,No
jfreechart-1.0.19,org.jfree.chart.renderer.xy,StackedXYAreaRendererTest,4,0,0.0,105,157,No
jfreechart-1.0.19,org.jfree.chart.renderer.xy,StackedXYBarRendererTest,4,0,0.0,79,156,No
jfreechart-1.0.19,org.jfree.chart.renderer.xy,StandardXYBarPainterTest,2,0,0.0,30,155,No
jfreechart-1.0.19,org.jfree.chart.renderer.xy,StandardXYItemRendererTest,2,0,0.0,138,155,No
jfreechart-1.0.19,org.jfree.chart.renderer.xy,VectorRendererTest,1,0,0.0,41,154,No
jfreechart-1.0.19,org.jfree.chart.renderer.xy,WindItemRendererTest,1,0,0.0,36,153,No
jfreechart-1.0.19,org.jfree.chart.renderer.xy,XYAreaRenderer2Test,2,0,0.0,90,152,No
jfreechart-1.0.19,org.jfree.chart.renderer.xy,XYAreaRendererTest,1,0,0.0,124,152,No
jfreechart-1.0.19,org.jfree.chart.renderer.xy,XYBarRendererTest,4,0,0.0,201,153,No
jfreechart-1.0.19,org.jfree.chart.renderer.xy,XYBlockRendererTest,1,0,0.0,101,152,No
jfreechart-1.0.19,org.jfree.chart.renderer.xy,XYBoxAndWhiskerRendererTest,1,2,0.0,85,151,No
jfreechart-1.0.19,org.jfree.chart.renderer.xy,XYBubbleRendererTest,1,0,0.0,72,151,No
jfreechart-1.0.19,org.jfree.chart.renderer.xy,XYDifferenceRendererTest,1,16,0.0,96,150,No
jfreechart-1.0.19,org.jfree.chart.renderer.xy,XYDotRendererTest,1,0,0.0,76,150,No
jfreechart-1.0.19,org.jfree.chart.renderer.xy,XYErrorRendererTest,1,0,0.0,88,149,No
jfreechart-1.0.19,org.jfree.chart.renderer.xy,XYLine3DRendererTest,1,0,0.0,54,148,No
jfreechart-1.0.19,org.jfree.chart.renderer.xy,XYLineAndShapeRendererTest,2,0,0.0,177,149,No
jfreechart-1.0.19,org.jfree.chart.renderer.xy,XYShapeRendererTest,1,0,0.0,88,148,No
jfreechart-1.0.19,org.jfree.chart.renderer.xy,XYSplineRendererTest,1,0,0.0,57,147,No
jfreechart-1.0.19,org.jfree.chart.renderer.xy,XYStepAreaRendererTest,3,0,0.0,80,147,No
jfreechart-1.0.19,org.jfree.chart.renderer.xy,XYStepRendererTest,1,0,0.0,86,146,No
jfreechart-1.0.19,org.jfree.chart.renderer.xy,YIntervalRendererTest,3,0,0.0,136,146,No
jfreechart-1.0.19,org.jfree.experimental.swt,SWTGraphics2D,1,73,0.0,598,150,No
jfreechart-1.0.19,org.jfree.experimental.swt,SWTPaintCanvas,0,1,0.0,38,149,No
jfreechart-1.0.19,org.jfree.experimental.swt,SWTUtils,1,33,0.0,216,149,No
jfreechart-1.0.19,org.jfree.chart.renderer.category,AbstractCategoryItemRenderer,2,133,0.0,931,155,No
jfreechart-1.0.19,org.jfree.chart.renderer.category,AreaRenderer,3,23,0.0,171,156,No
jfreechart-1.0.19,org.jfree.chart.renderer.category,BarPainter,1,0,0.0,7,154,No
jfreechart-1.0.19,org.jfree.chart.renderer.category,BarRenderer,5,92,0.0,635,158,No
jfreechart-1.0.19,org.jfree.chart.renderer.category,BarRenderer3D,3,35,0.0,436,160,No
jfreechart-1.0.19,org.jfree.chart.renderer.category,BoxAndWhiskerRenderer,3,78,0.0,535,163,No
jfreechart-1.0.19,org.jfree.chart.renderer.category,CategoryItemRenderer,2,15,0.0,164,163,No
jfreechart-1.0.19,org.jfree.chart.renderer.category,CategoryItemRendererState,1,5,0.0,58,162,No
jfreechart-1.0.19,org.jfree.chart.renderer.category,CategoryStepRenderer,3,20,0.0,155,162,No
jfreechart-1.0.19,org.jfree.chart.renderer.category,DefaultCategoryItemRenderer,2,0,0.0,2,161,No
jfreechart-1.0.19,org.jfree.chart.renderer.category,GanttRenderer,5,41,0.0,327,162,No
jfreechart-1.0.19,org.jfree.chart.renderer.category,GradientBarPainter,2,22,0.0,192,162,No
jfreechart-1.0.19,org.jfree.chart.renderer.category,GroupedStackedBarRenderer,5,34,0.0,199,163,No
jfreechart-1.0.19,org.jfree.chart.renderer.category,IntervalBarRenderer,4,13,0.0,103,162,No
jfreechart-1.0.19,org.jfree.chart.renderer.category,LayeredBarRenderer,3,53,0.0,259,163,No
jfreechart-1.0.19,org.jfree.chart.renderer.category,LevelRenderer,3,23,0.0,204,163,No
jfreechart-1.0.19,org.jfree.chart.renderer.category,LineAndShapeRenderer,4,59,0.0,425,165,No
jfreechart-1.0.19,org.jfree.chart.renderer.category,LineRenderer3D,3,33,0.0,353,166,No
jfreechart-1.0.19,org.jfree.chart.renderer.category,MinMaxCategoryRenderer,3,26,0.0,236,167,No
jfreechart-1.0.19,org.jfree.chart.renderer.category,ScatterRenderer,4,31,0.0,246,167,No
jfreechart-1.0.19,org.jfree.chart.renderer.category,StackedAreaRenderer,3,42,0.0,285,168,No
jfreechart-1.0.19,org.jfree.chart.renderer.category,StackedBarRenderer,4,36,0.0,195,168,No
jfreechart-1.0.19,org.jfree.chart.renderer.category,StackedBarRenderer3D,5,52,0.0,460,170,No
jfreechart-1.0.19,org.jfree.chart.renderer.category,StandardBarPainter,3,15,0.0,95,170,No
jfreechart-1.0.19,org.jfree.chart.renderer.category,StatisticalBarRenderer,3,50,0.0,313,171,No
jfreechart-1.0.19,org.jfree.chart.renderer.category,StatisticalLineAndShapeRenderer,5,42,0.0,242,171,No
jfreechart-1.0.19,org.jfree.chart.renderer.category,WaterfallBarRenderer,3,32,0.0,232,172,No
jfreechart-1.0.19,org.jfree.chart.renderer.category,AbstractCategoryItemRendererTest,4,0,0.0,214,172,No
jfreechart-1.0.19,org.jfree.chart.renderer.category,AreaRendererTest,1,0,0.0,52,171,No
jfreechart-1.0.19,org.jfree.chart.renderer.category,BarRenderer3DTest,2,0,0.0,52,170,No
jfreechart-1.0.19,org.jfree.chart.renderer.category,BarRendererTest,3,3,0.0,146,170,No
jfreechart-1.0.19,org.jfree.chart.renderer.category,BoxAndWhiskerRendererTest,1,2,0.0,293,171,No
jfreechart-1.0.19,org.jfree.chart.renderer.category,CategoryStepRendererTest,1,0,0.0,44,170,No
jfreechart-1.0.19,org.jfree.chart.renderer.category,DefaultCategoryItemRendererTest,2,0,0.0,38,169,No
jfreechart-1.0.19,org.jfree.chart.renderer.category,GanttRendererTest,1,0,0.0,56,169,No
jfreechart-1.0.19,org.jfree.chart.renderer.category,GradientBarPainterTest,2,0,0.0,41,168,No
jfreechart-1.0.19,org.jfree.chart.renderer.category,GroupedStackedBarRendererTest,5,0,0.0,73,167,No
jfreechart-1.0.19,org.jfree.chart.renderer.category,IntervalBarRendererTest,3,0,0.0,69,167,No
jfreechart-1.0.19,org.jfree.chart.renderer.category,LayeredBarRendererTest,3,0,0.0,44,166,No
jfreechart-1.0.19,org.jfree.chart.renderer.category,LevelRendererTest,1,0,0.0,77,165,No
jfreechart-1.0.19,org.jfree.chart.renderer.category,LineAndShapeRendererTest,1,20,0.0,204,166,No
jfreechart-1.0.19,org.jfree.chart.renderer.category,LineRenderer3DTest,1,13,0.0,124,165,No
jfreechart-1.0.19,org.jfree.chart.renderer.category,MinMaxCategoryRendererTest,1,0,0.0,59,165,No
jfreechart-1.0.19,org.jfree.chart.renderer.category,ScatterRendererTest,1,5,0.0,108,164,No
jfreechart-1.0.19,org.jfree.chart.renderer.category,StackedAreaRendererTest,3,0,0.0,58,164,No
jfreechart-1.0.19,org.jfree.chart.renderer.category,StackedBarRenderer3DTest,5,0,0.0,268,164,No
jfreechart-1.0.19,org.jfree.chart.renderer.category,StackedBarRendererTest,3,0,0.0,59,164,No
jfreechart-1.0.19,org.jfree.chart.renderer.category,StandardBarPainterTest,2,0,0.0,30,163,No
jfreechart-1.0.19,org.jfree.chart.renderer.category,StatisticalBarRendererTest,3,0,0.0,123,163,No
jfreechart-1.0.19,org.jfree.chart.renderer.category,StatisticalLineAndShapeRendererTest,3,0,0.0,90,162,No
jfreechart-1.0.19,org.jfree.chart.renderer.category,WaterfallBarRendererTest,3,0,0.0,62,162,No
jfreechart-1.0.19,org.jfree.experimental.chart.swt.demo,SWTBarChartDemo1,0,3,0.0,68,161,No
jfreechart-1.0.19,org.jfree.experimental.chart.swt.demo,SWTMultipleAxisDemo1,0,4,0.0,100,161,No
jfreechart-1.0.19,org.jfree.experimental.chart.swt.demo,SWTPieChartDemo1,0,4,0.0,44,160,No
jfreechart-1.0.19,org.jfree.experimental.chart.swt.demo,SWTTimeSeriesDemo,0,4,0.0,92,160,No
jfreechart-1.0.19,org.jfree.data.xml,CategoryDatasetHandler,3,5,0.0,41,159,No
jfreechart-1.0.19,org.jfree.data.xml,CategorySeriesHandler,4,5,0.0,50,159,No
jfreechart-1.0.19,org.jfree.data.xml,DatasetReader,2,0,0.0,48,158,No
jfreechart-1.0.19,org.jfree.data.xml,DatasetTags,0,0,0.0,5,157,No
jfreechart-1.0.19,org.jfree.data.xml,ItemHandler,6,5,0.0,56,157,No
jfreechart-1.0.19,org.jfree.data.xml,KeyHandler,4,6,0.0,47,156,No
jfreechart-1.0.19,org.jfree.data.xml,PieDatasetHandler,3,4,0.0,38,155,No
jfreechart-1.0.19,org.jfree.data.xml,RootHandler,1,4,0.0,34,155,No
jfreechart-1.0.19,org.jfree.data.xml,ValueHandler,3,7,0.0,54,154,No
jfreechart-1.0.19,org.jfree.chart.block,AbstractBlock,4,19,0.0,236,155,No
jfreechart-1.0.19,org.jfree.chart.block,Arrangement,3,0,0.0,7,154,No
jfreechart-1.0.19,org.jfree.chart.block,Block,2,0,0.0,9,153,No
jfreechart-1.0.19,org.jfree.chart.block,BlockBorder,2,9,0.0,86,153,No
jfreechart-1.0.19,org.jfree.chart.block,BlockContainer,9,13,0.0,107,153,No
jfreechart-1.0.19,org.jfree.chart.block,BlockFrame,2,0,0.0,4,152,No
jfreechart-1.0.19,org.jfree.chart.block,BlockParams,2,0,0.0,29,151,No
jfreechart-1.0.19,org.jfree.chart.block,BlockResult,2,0,0.0,12,150,No
jfreechart-1.0.19,org.jfree.chart.block,BorderArrangement,5,68,0.0,362,152,No
jfreechart-1.0.19,org.jfree.chart.block,CenterArrangement,5,22,0.0,134,151,No
jfreechart-1.0.19,org.jfree.chart.block,ColorBlock,3,3,0.0,54,151,No
jfreechart-1.0.19,org.jfree.chart.block,ColumnArrangement,5,35,0.0,198,151,No
jfreechart-1.0.19,org.jfree.chart.block,EmptyBlock,3,0,0.0,27,151,No
jfreechart-1.0.19,org.jfree.chart.block,EntityBlockParams,2,0,0.0,3,150,No
jfreechart-1.0.19,org.jfree.chart.block,EntityBlockResult,2,0,0.0,3,149,No
jfreechart-1.0.19,org.jfree.chart.block,FlowArrangement,5,38,0.0,224,149,No
jfreechart-1.0.19,org.jfree.chart.block,GridArrangement,5,44,0.0,237,150,No
jfreechart-1.0.19,org.jfree.chart.block,LabelBlock,6,13,0.0,153,150,No
jfreechart-1.0.19,org.jfree.chart.block,LengthConstraintType,1,6,0.0,43,149,No
jfreechart-1.0.19,org.jfree.chart.block,LineBorder,3,10,0.0,98,149,No
jfreechart-1.0.19,org.jfree.chart.block,RectangleConstraint,1,16,0.0,143,149,No
jfreechart-1.0.19,org.jfree.chart.block,AbstractBlockTest,4,0,0.0,71,149,No
jfreechart-1.0.19,org.jfree.chart.block,BlockBorderTest,2,0,0.0,36,148,No
jfreechart-1.0.19,org.jfree.chart.block,BlockContainerTest,6,0,0.0,33,148,No
jfreechart-1.0.19,org.jfree.chart.block,BorderArrangementTest,7,0,0.0,513,149,No
jfreechart-1.0.19,org.jfree.chart.block,ColorBlockTest,2,0,0.0,51,149,No
jfreechart-1.0.19,org.jfree.chart.block,ColumnArrangementTest,3,0,0.0,47,148,No
jfreechart-1.0.19,org.jfree.chart.block,EmptyBlockTest,2,0,0.0,37,148,No
jfreechart-1.0.19,org.jfree.chart.block,FlowArrangementTest,2,0,0.0,47,147,No
jfreechart-1.0.19,org.jfree.chart.block,GridArrangementTest,7,0,0.0,171,148,No
jfreechart-1.0.19,org.jfree.chart.block,LabelBlockTest,2,0,0.0,63,147,No
jfreechart-1.0.19,org.jfree.chart.block,LineBorderTest,1,0,0.0,42,147,No
jfreechart-1.0.19,org.jfree.chart.block,RectangleConstraintTest,2,0,0.0,64,146,No
jfreechart-1.0.19,org.jfree.chart.fx.interaction,AbstractMouseHandlerFX,0,7,0.0,53,146,No
jfreechart-1.0.19,org.jfree.chart.fx.interaction,AnchorHandlerFX,1,2,0.0,20,145,No
jfreechart-1.0.19,org.jfree.chart.fx.interaction,ChartMouseEventFX,1,0,0.0,20,145,No
jfreechart-1.0.19,org.jfree.chart.fx.interaction,ChartMouseListenerFX,1,0,0.0,4,144,No
jfreechart-1.0.19,org.jfree.chart.fx.interaction,DispatchHandlerFX,2,2,0.0,25,144,No
jfreechart-1.0.19,org.jfree.chart.fx.interaction,package-info,0,0,0.0,0,143,No
jfreechart-1.0.19,org.jfree.chart.fx.interaction,PanHandlerFX,1,13,0.0,63,143,No
jfreechart-1.0.19,org.jfree.chart.fx.interaction,ScrollHandlerFX,1,9,0.0,49,142,No
jfreechart-1.0.19,org.jfree.chart.fx.interaction,TooltipHandlerFX,1,4,0.0,29,142,No
jfreechart-1.0.19,org.jfree.chart.fx.interaction,ZoomHandlerFX,1,28,0.0,147,142,No
jfreechart-1.0.19,org.jfree.data.contour,ContourDataset,1,0,0.0,11,141,No
jfreechart-1.0.19,org.jfree.data.contour,DefaultContourDataset,1,38,0.0,222,142,No
jfreechart-1.0.19,org.jfree.data.contour,NonGridContourDataset,2,16,0.0,104,141,No
jfreechart-1.0.19,org.jfree.data.resources,DataPackageResources,0,0,0.0,5,141,No
jfreechart-1.0.19,org.jfree.data.resources,DataPackageResources_de,1,0,0.0,5,140,No
jfreechart-1.0.19,org.jfree.data.resources,DataPackageResources_es,1,0,0.0,5,140,No
jfreechart-1.0.19,org.jfree.data.resources,DataPackageResources_fr,1,0,0.0,5,139,No
jfreechart-1.0.19,org.jfree.data.resources,DataPackageResources_pl,1,0,0.0,5,139,No
jfreechart-1.0.19,org.jfree.data.resources,DataPackageResources_ru,1,0,0.0,5,138,No
jfreechart-1.0.19,org.jfree.chart.renderer,AbstractRenderer,1,250,0.0,1455,143,No
jfreechart-1.0.19,org.jfree.chart.renderer,AreaRendererEndType,0,6,0.0,42,143,No
jfreechart-1.0.19,org.jfree.chart.renderer,DefaultPolarItemRenderer,2,57,0.0,456,144,No
jfreechart-1.0.19,org.jfree.chart.renderer,GrayPaintScale,1,7,0.0,75,144,No
jfreechart-1.0.19,org.jfree.chart.renderer,LookupPaintScale,1,24,0.0,164,144,No
jfreechart-1.0.19,org.jfree.chart.renderer,NotOutlierException,3,0,0.0,5,144,No
jfreechart-1.0.19,org.jfree.chart.renderer,Outlier,0,7,0.0,67,143,No
jfreechart-1.0.19,org.jfree.chart.renderer,OutlierList,1,3,0.0,46,143,No
jfreechart-1.0.19,org.jfree.chart.renderer,OutlierListCollection,2,6,0.0,48,142,No
jfreechart-1.0.19,org.jfree.chart.renderer,PaintScale,0,0,0.0,5,142,No
jfreechart-1.0.19,org.jfree.chart.renderer,PolarItemRenderer,0,0,0.0,22,141,No
jfreechart-1.0.19,org.jfree.chart.renderer,RendererState,0,2,0.0,18,141,No
jfreechart-1.0.19,org.jfree.chart.renderer,RendererUtilities,0,35,0.0,149,141,No
jfreechart-1.0.19,org.jfree.chart.renderer,WaferMapRenderer,1,35,0.0,184,141,No
jfreechart-1.0.19,org.jfree.chart.renderer,AbstractRendererTest,2,73,0.0,650,143,No
jfreechart-1.0.19,org.jfree.chart.renderer,AreaRendererEndTypeTest,1,0,0.0,18,143,No
jfreechart-1.0.19,org.jfree.chart.renderer,DefaultPolarItemRendererTest,2,0,0.0,40,142,No
jfreechart-1.0.19,org.jfree.chart.renderer,GrayPaintScaleTest,2,0,0.0,58,142,No
jfreechart-1.0.19,org.jfree.chart.renderer,LookupPaintScaleTest,2,0,0.0,101,142,No
jfreechart-1.0.19,org.jfree.chart.renderer,OutlierTest,1,0,0.0,39,141,No
jfreechart-1.0.19,org.jfree.chart.renderer,RendererChangeDetector,0,6,0.0,15,141,No
jfreechart-1.0.19,org.jfree.chart.renderer,RendererUtilitiesTest,1,0,0.0,339,142,No
jfreechart-1.0.19,org.jfree.experimental.chart.swt.editor,SWTAxisEditor,1,12,0.0,184,142,No
jfreechart-1.0.19,org.jfree.experimental.chart.swt.editor,SWTChartEditor,3,4,0.0,69,142,No
jfreechart-1.0.19,org.jfree.experimental.chart.swt.editor,SWTNumberAxisEditor,1,12,0.0,111,141,No
jfreechart-1.0.19,org.jfree.experimental.chart.swt.editor,SWTOtherEditor,0,1,0.0,53,141,No
jfreechart-1.0.19,org.jfree.experimental.chart.swt.editor,SWTPlotAppearanceEditor,1,10,0.0,153,141,No
jfreechart-1.0.19,org.jfree.experimental.chart.swt.editor,SWTPlotEditor,2,16,0.0,96,141,No
jfreechart-1.0.19,org.jfree.experimental.chart.swt.editor,SWTStrokeCanvas,0,3,0.0,40,141,No
jfreechart-1.0.19,org.jfree.experimental.chart.swt.editor,SWTTitleEditor,0,9,0.0,130,141,No
jfreechart-1.0.19,org.jfree.chart.fx.demo,BarChartFXDemo1,0,0,0.0,48,140,No
jfreechart-1.0.19,org.jfree.chart.fx.demo,package-info,0,0,0.0,0,140,No
jfreechart-1.0.19,org.jfree.chart.fx.demo,PieChartFXDemo1,0,0,0.0,70,139,No
jfreechart-1.0.19,org.jfree.chart.fx.demo,TimeSeriesChartFXDemo1,0,1,0.0,348,140,No
jfreechart-1.0.19,org.jfree.data.category,CategoryDataset,0,0,0.0,2,140,No
jfreechart-1.0.19,org.jfree.data.category,CategoryRangeInfo,0,0,0.0,4,139,No
jfreechart-1.0.19,org.jfree.data.category,CategoryToPieDataset,1,28,0.0,144,139,No
jfreechart-1.0.19,org.jfree.data.category,DefaultCategoryDataset,1,10,0.0,142,139,No
jfreechart-1.0.19,org.jfree.data.category,DefaultIntervalCategoryDataset,2,61,0.0,377,140,No
jfreechart-1.0.19,org.jfree.data.category,IntervalCategoryDataset,1,0,0.0,6,140,No
jfreechart-1.0.19,org.jfree.data.category,SlidingCategoryDataset,1,16,0.0,131,140,No
jfreechart-1.0.19,org.jfree.data.category,CategoryToPieDatasetTest,3,0,0.0,75,139,No
jfreechart-1.0.19,org.jfree.data.category,DefaultCategoryDatasetTest,2,0,0.0,221,140,No
jfreechart-1.0.19,org.jfree.data.category,DefaultIntervalCategoryDatasetTest,3,0,0.0,311,140,No
jfreechart-1.0.19,org.jfree.data.category,SlidingCategoryDatasetTest,3,0,0.0,164,140,No
jfreechart-1.0.19,org.jfree.data.io,CSV,0,12,0.0,88,140,No
jfreechart-1.0.19,org.jfree.experimental.chart.plot,CombinedCategoryPlot,0,4,0.0,41,140,No
jfreechart-1.0.19,org.jfree.experimental.chart.plot,CombinedXYPlot,0,4,0.0,41,139,No
jfreechart-1.0.19,org.jfree.chart.annotations,AbstractAnnotation,1,12,0.0,56,139,No
jfreechart-1.0.19,org.jfree.chart.annotations,AbstractXYAnnotation,3,8,0.0,68,139,No
jfreechart-1.0.19,org.jfree.chart.annotations,Annotation,0,0,0.0,4,138,No
jfreechart-1.0.19,org.jfree.chart.annotations,CategoryAnnotation,1,0,0.0,4,138,No
jfreechart-1.0.19,org.jfree.chart.annotations,CategoryLineAnnotation,5,12,0.0,165,138,No
jfreechart-1.0.19,org.jfree.chart.annotations,CategoryPointerAnnotation,3,13,0.0,201,138,No
jfreechart-1.0.19,org.jfree.chart.annotations,CategoryTextAnnotation,3,8,0.0,105,138,No
jfreechart-1.0.19,org.jfree.chart.annotations,TextAnnotation,2,9,0.0,117,138,No
jfreechart-1.0.19,org.jfree.chart.annotations,XYAnnotation,1,0,0.0,5,138,No
jfreechart-1.0.19,org.jfree.chart.annotations,XYAnnotationBoundsInfo,2,0,0.0,5,137,No
jfreechart-1.0.19,org.jfree.chart.annotations,XYBoxAnnotation,3,14,0.0,126,137,No
jfreechart-1.0.19,org.jfree.chart.annotations,XYDataImageAnnotation,5,12,0.0,140,137,No
jfreechart-1.0.19,org.jfree.chart.annotations,XYDrawableAnnotation,3,10,0.0,104,137,No
jfreechart-1.0.19,org.jfree.chart.annotations,XYImageAnnotation,3,10,0.0,113,137,No
jfreechart-1.0.19,org.jfree.chart.annotations,XYLineAnnotation,3,13,0.0,130,137,No
jfreechart-1.0.19,org.jfree.chart.annotations,XYPointerAnnotation,3,15,0.0,215,137,No
jfreechart-1.0.19,org.jfree.chart.annotations,XYPolygonAnnotation,3,16,0.0,143,137,No
jfreechart-1.0.19,org.jfree.chart.annotations,XYShapeAnnotation,4,12,0.0,124,137,No
jfreechart-1.0.19,org.jfree.chart.annotations,XYTextAnnotation,4,19,0.0,244,138,No
jfreechart-1.0.19,org.jfree.chart.annotations,XYTitleAnnotation,3,22,0.0,182,138,No
jfreechart-1.0.19,org.jfree.chart.annotations,CategoryLineAnnotationTest,2,0,0.0,71,137,No
jfreechart-1.0.19,org.jfree.chart.annotations,CategoryPointerAnnotationTest,2,0,0.0,89,137,No
jfreechart-1.0.19,org.jfree.chart.annotations,CategoryTextAnnotationTest,4,0,0.0,55,137,No
jfreechart-1.0.19,org.jfree.chart.annotations,TextAnnotationTest,3,3,0.0,83,137,No
jfreechart-1.0.19,org.jfree.chart.annotations,XYBoxAnnotationTest,2,0,0.0,92,137,No
jfreechart-1.0.19,org.jfree.chart.annotations,XYDrawableAnnotationTest,2,2,0.0,94,137,No
jfreechart-1.0.19,org.jfree.chart.annotations,XYImageAnnotationTest,2,0,0.0,38,136,No
jfreechart-1.0.19,org.jfree.chart.annotations,XYLineAnnotationTest,2,0,0.0,78,136,No
jfreechart-1.0.19,org.jfree.chart.annotations,XYPointerAnnotationTest,2,0,0.0,88,136,No
jfreechart-1.0.19,org.jfree.chart.annotations,XYPolygonAnnotationTest,2,0,0.0,82,136,No
jfreechart-1.0.19,org.jfree.chart.annotations,XYShapeAnnotationTest,2,0,0.0,91,136,No
jfreechart-1.0.19,org.jfree.chart.annotations,XYTextAnnotationTest,4,2,0.0,90,135,No
jfreechart-1.0.19,org.jfree.chart.annotations,XYTitleAnnotationTest,2,0,0.0,69,135,No
jfreechart-1.0.19,org.jfree.experimental.chart.swt,ChartComposite,1,135,0.0,988,138,No
jfreechart-1.0.19,org.jfree.experimental.chart.swt,ChartPrintJob,0,1,0.0,80,138,No
jfreechart-1.0.19,org.jfree.chart.resources,JFreeChartResources,0,0,0.0,5,137,No
jfreechart-1.0.19,org.jfree.experimental.chart.demo,CombinedCategoryPlotDemo1,0,1,0.0,108,137,No
jfreechart-1.0.19,org.jfree.experimental.chart.demo,CombinedXYPlotDemo1,0,2,0.0,131,137,No
jfreechart-1.0.19,org.jfree.chart.urls,CategoryURLGenerator,0,0,0.0,4,137,No
jfreechart-1.0.19,org.jfree.chart.urls,CustomCategoryURLGenerator,3,16,0.0,81,137,No
jfreechart-1.0.19,org.jfree.chart.urls,CustomPieURLGenerator,3,12,0.0,82,136,No
jfreechart-1.0.19,org.jfree.chart.urls,CustomXYURLGenerator,1,15,0.0,82,136,No
jfreechart-1.0.19,org.jfree.chart.urls,PieURLGenerator,0,0,0.0,3,136,No
jfreechart-1.0.19,org.jfree.chart.urls,StandardCategoryURLGenerator,2,5,0.0,79,136,No
jfreechart-1.0.19,org.jfree.chart.urls,StandardPieURLGenerator,1,8,0.0,61,135,No
jfreechart-1.0.19,org.jfree.chart.urls,StandardXYURLGenerator,1,5,0.0,51,135,No
jfreechart-1.0.19,org.jfree.chart.urls,StandardXYZURLGenerator,3,0,0.0,7,135,No
jfreechart-1.0.19,org.jfree.chart.urls,TimeSeriesURLGenerator,2,8,0.0,79,135,No
jfreechart-1.0.19,org.jfree.chart.urls,URLUtilities,0,0,0.0,22,134,No
jfreechart-1.0.19,org.jfree.chart.urls,XYURLGenerator,0,0,0.0,3,134,No
jfreechart-1.0.19,org.jfree.chart.urls,XYZURLGenerator,1,0,0.0,3,134,No
jfreechart-1.0.19,org.jfree.chart.urls,CustomCategoryURLGeneratorTest,5,0,0.0,77,133,No
jfreechart-1.0.19,org.jfree.chart.urls,CustomPieURLGeneratorTest,2,0,0.0,44,133,No
jfreechart-1.0.19,org.jfree.chart.urls,CustomXYURLGeneratorTest,2,0,0.0,77,133,No
jfreechart-1.0.19,org.jfree.chart.urls,StandardCategoryURLGeneratorTest,2,0,0.0,49,133,No
jfreechart-1.0.19,org.jfree.chart.urls,StandardPieURLGeneratorTest,2,0,0.0,54,133,No
jfreechart-1.0.19,org.jfree.chart.urls,StandardXYURLGeneratorTest,2,0,0.0,14,132,No
jfreechart-1.0.19,org.jfree.chart.urls,TimeSeriesURLGeneratorTest,1,0,0.0,59,132,No
jfreechart-1.0.19,org.jfree.data,ComparableObjectItem,1,6,0.0,58,132,No
jfreechart-1.0.19,org.jfree.data,ComparableObjectSeries,3,38,0.0,191,132,No
jfreechart-1.0.19,org.jfree.data,DataUtilities,7,23,0.0,124,132,No
jfreechart-1.0.19,org.jfree.data,DefaultKeyedValue,2,4,0.0,53,132,No
jfreechart-1.0.19,org.jfree.data,DefaultKeyedValues,8,24,0.0,191,132,No
jfreechart-1.0.19,org.jfree.data,DefaultKeyedValues2D,9,40,0.0,250,132,No
jfreechart-1.0.19,org.jfree.data,DomainInfo,2,0,0.0,5,132,No
jfreechart-1.0.19,org.jfree.data,DomainOrder,0,6,0.0,42,132,No
jfreechart-1.0.19,org.jfree.data,KeyedObject,0,5,0.0,42,131,No
jfreechart-1.0.19,org.jfree.data,KeyedObjects,8,23,0.0,149,131,No
jfreechart-1.0.19,org.jfree.data,KeyedObjects2D,4,39,0.0,241,132,No
jfreechart-1.0.19,org.jfree.data,KeyedValue,2,0,0.0,3,131,No
jfreechart-1.0.19,org.jfree.data,KeyedValueComparator,3,19,0.0,80,131,No
jfreechart-1.0.19,org.jfree.data,KeyedValueComparatorType,3,3,0.0,29,131,No
jfreechart-1.0.19,org.jfree.data,KeyedValues,6,0,0.0,6,131,No
jfreechart-1.0.19,org.jfree.data,KeyedValues2D,6,0,0.0,9,130,No
jfreechart-1.0.19,org.jfree.data,KeyToGroupMap,0,24,0.0,150,130,No
jfreechart-1.0.19,org.jfree.data,Range,1,37,0.0,191,130,No
jfreechart-1.0.19,org.jfree.data,RangeInfo,3,0,0.0,5,130,No
jfreechart-1.0.19,org.jfree.data,RangeType,1,6,0.0,42,130,No
jfreechart-1.0.19,org.jfree.data,UnknownKeyException,0,0,0.0,5,129,No
jfreechart-1.0.19,org.jfree.data,Value,0,0,0.0,3,129,No
jfreechart-1.0.19,org.jfree.data,Values,1,0,0.0,4,129,No
jfreechart-1.0.19,org.jfree.data,Values2D,2,0,0.0,5,128,No
jfreechart-1.0.19,org.jfree.data,ComparableObjectItemTest,1,0,0.0,53,128,No
jfreechart-1.0.19,org.jfree.data,ComparableObjectSeriesTest,4,0,0.0,101,128,No
jfreechart-1.0.19,org.jfree.data,DataUtilitiesTest,10,0,0.0,149,128,No
jfreechart-1.0.19,org.jfree.data,DefaultKeyedValues2DTest,10,0,0.0,206,128,No
jfreechart-1.0.19,org.jfree.data,DefaultKeyedValuesTest,7,0,0.0,265,129,No
jfreechart-1.0.19,org.jfree.data,DefaultKeyedValueTest,3,0,0.0,38,129,No
jfreechart-1.0.19,org.jfree.data,DomainOrderTest,1,0,0.0,32,128,No
jfreechart-1.0.19,org.jfree.data,KeyedObjects2DTest,5,0,0.0,258,129,No
jfreechart-1.0.19,org.jfree.data,KeyedObjectsTest,4,0,0.0,216,129,No
jfreechart-1.0.19,org.jfree.data,KeyedObjectTest,1,0,0.0,46,129,No
jfreechart-1.0.19,org.jfree.data,KeyToGroupMapTest,1,0,0.0,119,129,No
jfreechart-1.0.19,org.jfree.data,RangeTest,1,9,0.0,206,129,No
jfreechart-1.0.19,org.jfree.data,RangeTypeTest,2,0,0.0,32,129,No
jfreechart-1.0.19,org.jfree.chart.plot.dial,AbstractDialLayer,3,6,0.0,65,128,No
jfreechart-1.0.19,org.jfree.chart.plot.dial,ArcDialFrame,6,18,0.0,205,129,No
jfreechart-1.0.19,org.jfree.chart.plot.dial,DialBackground,4,7,0.0,82,129,No
jfreechart-1.0.19,org.jfree.chart.plot.dial,DialCap,5,11,0.0,113,128,No
jfreechart-1.0.19,org.jfree.chart.plot.dial,DialFrame,3,0,0.0,3,128,No
jfreechart-1.0.19,org.jfree.chart.plot.dial,DialLayer,3,0,0.0,9,128,No
jfreechart-1.0.19,org.jfree.chart.plot.dial,DialLayerChangeEvent,2,0,0.0,9,128,No
jfreechart-1.0.19,org.jfree.chart.plot.dial,DialLayerChangeListener,3,0,0.0,3,127,No
jfreechart-1.0.19,org.jfree.chart.plot.dial,DialPlot,7,44,0.0,358,128,No
jfreechart-1.0.19,org.jfree.chart.plot.dial,DialPointer,5,20,0.0,255,128,No
jfreechart-1.0.19,org.jfree.chart.plot.dial,DialScale,1,0,0.0,4,128,No
jfreechart-1.0.19,org.jfree.chart.plot.dial,DialTextAnnotation,4,16,0.0,136,128,No
jfreechart-1.0.19,org.jfree.chart.plot.dial,DialValueIndicator,4,37,0.0,291,128,No
jfreechart-1.0.19,org.jfree.chart.plot.dial,StandardDialFrame,5,11,0.0,129,128,No
jfreechart-1.0.19,org.jfree.chart.plot.dial,StandardDialRange,5,21,0.0,163,128,No
jfreechart-1.0.19,org.jfree.chart.plot.dial,StandardDialScale,5,52,0.0,391,129,No
jfreechart-1.0.19,org.jfree.chart.plot.dial,AbstractDialLayerTest,5,0,0.0,34,129,No
jfreechart-1.0.19,org.jfree.chart.plot.dial,ArcDialFrameTest,5,0,0.0,71,129,No
jfreechart-1.0.19,org.jfree.chart.plot.dial,DialBackgroundTest,4,0,0.0,67,128,No
jfreechart-1.0.19,org.jfree.chart.plot.dial,DialCapTest,4,0,0.0,76,128,No
jfreechart-1.0.19,org.jfree.chart.plot.dial,DialPlotTest,8,0,0.0,162,128,No
jfreechart-1.0.19,org.jfree.chart.plot.dial,DialPointerTest,4,0,0.0,78,128,No
jfreechart-1.0.19,org.jfree.chart.plot.dial,DialTextAnnotationTest,4,1,0.0,65,128,No
jfreechart-1.0.19,org.jfree.chart.plot.dial,DialValueIndicatorTest,4,0,0.0,98,128,No
jfreechart-1.0.19,org.jfree.chart.plot.dial,MyDialLayerChangeListener,3,0,0.0,7,128,No
jfreechart-1.0.19,org.jfree.chart.plot.dial,StandardDialFrameTest,5,0,0.0,59,128,No
jfreechart-1.0.19,org.jfree.chart.plot.dial,StandardDialRangeTest,4,0,0.0,53,127,No
jfreechart-1.0.19,org.jfree.chart.plot.dial,StandardDialScaleTest,5,0,0.0,146,127,No
jfreechart-1.0.19,org.jfree.chart.plot,AbstractPieLabelDistributor,4,0,0.0,19,127,No
jfreechart-1.0.19,org.jfree.chart.plot,CategoryCrosshairState,5,6,0.0,60,127,No
jfreechart-1.0.19,org.jfree.chart.plot,CategoryMarker,3,7,0.0,51,127,No
jfreechart-1.0.19,org.jfree.chart.plot,CategoryPlot,16,391,0.0,2283,132,Yes
jfreechart-1.0.19,org.jfree.chart.plot,CenterTextMode,2,0,0.0,2,132,No
jfreechart-1.0.19,org.jfree.chart.plot,ColorPalette,3,26,0.0,204,132,No
jfreechart-1.0.19,org.jfree.chart.plot,CombinedDomainCategoryPlot,6,56,0.0,339,132,No
jfreechart-1.0.19,org.jfree.chart.plot,CombinedDomainXYPlot,7,60,0.0,369,133,No
jfreechart-1.0.19,org.jfree.chart.plot,CombinedRangeCategoryPlot,6,47,0.0,286,133,No
jfreechart-1.0.19,org.jfree.chart.plot,CombinedRangeXYPlot,7,58,0.0,359,134,No
jfreechart-1.0.19,org.jfree.chart.plot,CompassPlot,4,55,0.0,392,134,No
jfreechart-1.0.19,org.jfree.chart.plot,ContourPlot,12,111,0.0,841,136,Yes
jfreechart-1.0.19,org.jfree.chart.plot,ContourPlotUtilities,4,0,0.0,7,136,No
jfreechart-1.0.19,org.jfree.chart.plot,ContourValuePlot,2,0,0.0,3,135,No
jfreechart-1.0.19,org.jfree.chart.plot,Crosshair,0,18,0.0,272,136,No
jfreechart-1.0.19,org.jfree.chart.plot,CrosshairState,3,10,0.0,119,136,No
jfreechart-1.0.19,org.jfree.chart.plot,DatasetRenderingOrder,3,5,0.0,40,135,No
jfreechart-1.0.19,org.jfree.chart.plot,DefaultDrawingSupplier,2,27,0.0,244,136,No
jfreechart-1.0.19,org.jfree.chart.plot,DialShape,2,6,0.0,41,136,No
jfreechart-1.0.19,org.jfree.chart.plot,DrawingSupplier,0,0,0.0,8,135,No
jfreechart-1.0.19,org.jfree.chart.plot,FastScatterPlot,9,52,0.0,461,136,No
jfreechart-1.0.19,org.jfree.chart.plot,GreyPalette,3,1,0.0,24,136,No
jfreechart-1.0.19,org.jfree.chart.plot,IntervalMarker,1,9,0.0,71,136,No
jfreechart-1.0.19,org.jfree.chart.plot,JThermometer,2,10,0.0,130,136,No
jfreechart-1.0.19,org.jfree.chart.plot,Marker,1,34,0.0,230,136,No
jfreechart-1.0.19,org.jfree.chart.plot,MeterInterval,2,8,0.0,72,136,No
jfreechart-1.0.19,org.jfree.chart.plot,MeterPlot,5,66,0.0,581,137,No
jfreechart-1.0.19,org.jfree.chart.plot,MultiplePiePlot,5,45,0.0,314,137,No
jfreechart-1.0.19,org.jfree.chart.plot,Pannable,3,0,0.0,9,137,No
jfreechart-1.0.19,org.jfree.chart.plot,PieLabelDistributor,2,17,0.0,103,137,No
jfreechart-1.0.19,org.jfree.chart.plot,PieLabelLinkStyle,0,6,0.0,43,136,No
jfreechart-1.0.19,org.jfree.chart.plot,PieLabelRecord,0,13,0.0,107,136,No
jfreechart-1.0.19,org.jfree.chart.plot,PiePlot,11,188,0.0,1574,140,Yes
jfreechart-1.0.19,org.jfree.chart.plot,PiePlot3D,5,86,0.0,663,141,No
jfreechart-1.0.19,org.jfree.chart.plot,PiePlotState,5,0,0.0,72,141,No
jfreechart-1.0.19,org.jfree.chart.plot,Plot,10,106,0.0,582,142,Yes
jfreechart-1.0.19,org.jfree.chart.plot,PlotOrientation,1,5,0.0,46,141,No
jfreechart-1.0.19,org.jfree.chart.plot,PlotRenderingInfo,3,10,0.0,94,141,No
jfreechart-1.0.19,org.jfree.chart.plot,PlotState,1,0,0.0,8,141,No
jfreechart-1.0.19,org.jfree.chart.plot,PlotUtilities,2,3,0.0,13,141,No
jfreechart-1.0.19,org.jfree.chart.plot,PolarAxisLocation,2,11,0.0,59,141,No
jfreechart-1.0.19,org.jfree.chart.plot,PolarPlot,7,144,0.0,975,142,Yes
jfreechart-1.0.19,org.jfree.chart.plot,RainbowPalette,3,0,0.0,80,142,No
jfreechart-1.0.19,org.jfree.chart.plot,RingPlot,6,33,0.0,303,143,No
jfreechart-1.0.19,org.jfree.chart.plot,SeriesRenderingOrder,2,5,0.0,40,142,No
jfreechart-1.0.19,org.jfree.chart.plot,SpiderWebPlot,4,78,0.0,694,144,No
jfreechart-1.0.19,org.jfree.chart.plot,ThermometerPlot,7,106,0.0,716,145,Yes
jfreechart-1.0.19,org.jfree.chart.plot,ValueAxisPlot,2,0,0.0,3,144,No
jfreechart-1.0.19,org.jfree.chart.plot,ValueMarker,1,5,0.0,38,144,No
jfreechart-1.0.19,org.jfree.chart.plot,WaferMapPlot,4,25,0.0,206,144,No
jfreechart-1.0.19,org.jfree.chart.plot,XYCrosshairState,4,0,0.0,4,144,No
jfreechart-1.0.19,org.jfree.chart.plot,XYPlot,12,455,0.0,2671,149,Yes
jfreechart-1.0.19,org.jfree.chart.plot,Zoomable,3,0,0.0,17,149,No
jfreechart-1.0.19,org.jfree.chart.plot,CategoryMarkerTest,3,1,0.0,99,149,No
jfreechart-1.0.19,org.jfree.chart.plot,CategoryPlotTest,11,0,0.0,853,151,No
jfreechart-1.0.19,org.jfree.chart.plot,ColorPaletteTest,2,0,0.0,16,150,No
jfreechart-1.0.19,org.jfree.chart.plot,CombinedDomainCategoryPlotTest,5,1,0.0,146,150,No
jfreechart-1.0.19,org.jfree.chart.plot,CombinedDomainXYPlotTest,6,2,0.0,141,150,No
jfreechart-1.0.19,org.jfree.chart.plot,CombinedRangeCategoryPlotTest,5,1,0.0,141,150,No
jfreechart-1.0.19,org.jfree.chart.plot,CombinedRangeXYPlotTest,6,2,0.0,136,150,No
jfreechart-1.0.19,org.jfree.chart.plot,CompassPlotTest,3,2,0.0,58,150,No
jfreechart-1.0.19,org.jfree.chart.plot,ContourPlotTest,3,0,0.0,8,150,No
jfreechart-1.0.19,org.jfree.chart.plot,CrosshairTest,1,0,0.0,99,150,No
jfreechart-1.0.19,org.jfree.chart.plot,DefaultDrawingSupplierTest,2,0,0.0,101,150,No
jfreechart-1.0.19,org.jfree.chart.plot,FastScatterPlotTest,4,1,0.0,121,149,No
jfreechart-1.0.19,org.jfree.chart.plot,IntervalMarkerTest,3,0,0.0,63,149,No
jfreechart-1.0.19,org.jfree.chart.plot,MarkerTest,6,11,0.0,230,149,No
jfreechart-1.0.19,org.jfree.chart.plot,MeterIntervalTest,1,0,0.0,36,149,No
jfreechart-1.0.19,org.jfree.chart.plot,MeterPlotTest,5,4,0.0,129,149,No
jfreechart-1.0.19,org.jfree.chart.plot,MultiplePiePlotTest,5,0,0.0,93,149,No
jfreechart-1.0.19,org.jfree.chart.plot,MyPlotChangeListener,1,0,0.0,16,149,No
jfreechart-1.0.19,org.jfree.chart.plot,PieLabelRecordTest,1,0,0.0,53,149,No
jfreechart-1.0.19,org.jfree.chart.plot,PiePlot3DTest,4,0,0.0,41,148,No
jfreechart-1.0.19,org.jfree.chart.plot,PiePlotTest,4,3,0.0,461,149,No
jfreechart-1.0.19,org.jfree.chart.plot,PlotOrientationTest,2,0,0.0,22,149,No
jfreechart-1.0.19,org.jfree.chart.plot,PlotRenderingInfoTest,2,0,0.0,48,149,No
jfreechart-1.0.19,org.jfree.chart.plot,PlotTest,4,2,0.0,80,148,No
jfreechart-1.0.19,org.jfree.chart.plot,PolarPlotTest,3,2,0.0,238,149,No
jfreechart-1.0.19,org.jfree.chart.plot,RingPlotTest,4,0,0.0,76,148,No
jfreechart-1.0.19,org.jfree.chart.plot,SpiderWebPlotTest,3,2,0.0,203,149,No
jfreechart-1.0.19,org.jfree.chart.plot,ThermometerPlotTest,3,2,0.0,113,148,No
jfreechart-1.0.19,org.jfree.chart.plot,ValueMarkerTest,3,2,0.0,124,148,No
jfreechart-1.0.19,org.jfree.chart.plot,XYPlotTest,10,0,0.0,912,150,No
jfreechart-1.0.19,org.jfree.chart.encoders,EncoderUtil,3,0,0.0,49,150,No
jfreechart-1.0.19,org.jfree.chart.encoders,ImageEncoder,0,0,0.0,9,149,No
jfreechart-1.0.19,org.jfree.chart.encoders,ImageEncoderFactory,4,2,0.0,45,149,No
jfreechart-1.0.19,org.jfree.chart.encoders,ImageFormat,0,0,0.0,2,149,No
jfreechart-1.0.19,org.jfree.chart.encoders,KeypointPNGEncoderAdapter,2,0,0.0,35,149,No
jfreechart-1.0.19,org.jfree.chart.encoders,SunJPEGEncoderAdapter,2,1,0.0,46,149,No
jfreechart-1.0.19,org.jfree.chart.encoders,SunPNGEncoderAdapter,3,0,0.0,29,148,No
jfreechart-1.0.19,org.jfree.data.general,AbstractDataset,7,13,0.0,73,148,No
jfreechart-1.0.19,org.jfree.data.general,AbstractSeriesDataset,6,2,0.0,24,148,No
jfreechart-1.0.19,org.jfree.data.general,CombinationDataset,3,0,0.0,4,148,No
jfreechart-1.0.19,org.jfree.data.general,CombinedDataset,6,34,0.0,246,148,No
jfreechart-1.0.19,org.jfree.data.general,Dataset,5,0,0.0,6,147,No
jfreechart-1.0.19,org.jfree.data.general,DatasetChangeEvent,1,0,0.0,10,147,No
jfreechart-1.0.19,org.jfree.data.general,DatasetChangeListener,2,0,0.0,3,147,No
jfreechart-1.0.19,org.jfree.data.general,DatasetGroup,1,3,0.0,32,147,No
jfreechart-1.0.19,org.jfree.data.general,DatasetUtilities,4,300,0.0,1386,149,No
jfreechart-1.0.19,org.jfree.data.general,DefaultHeatMapDataset,4,20,0.0,128,149,No
jfreechart-1.0.19,org.jfree.data.general,DefaultKeyedValueDataset,5,10,0.0,72,149,No
jfreechart-1.0.19,org.jfree.data.general,DefaultKeyedValues2DDataset,2,0,0.0,2,149,No
jfreechart-1.0.19,org.jfree.data.general,DefaultKeyedValuesDataset,4,0,0.0,2,148,No
jfreechart-1.0.19,org.jfree.data.general,DefaultPieDataset,6,13,0.0,119,148,No
jfreechart-1.0.19,org.jfree.data.general,DefaultValueDataset,4,3,0.0,37,148,No
jfreechart-1.0.19,org.jfree.data.general,HeatMapDataset,1,0,0.0,12,148,No
jfreechart-1.0.19,org.jfree.data.general,HeatMapUtilities,3,4,0.0,41,148,No
jfreechart-1.0.19,org.jfree.data.general,KeyedValueDataset,2,0,0.0,2,147,No
jfreechart-1.0.19,org.jfree.data.general,KeyedValues2DDataset,1,0,0.0,2,147,No
jfreechart-1.0.19,org.jfree.data.general,KeyedValuesDataset,2,0,0.0,2,147,No
jfreechart-1.0.19,org.jfree.data.general,PieDataset,2,0,0.0,2,147,No
jfreechart-1.0.19,org.jfree.data.general,Series,2,17,0.0,128,146,No
jfreechart-1.0.19,org.jfree.data.general,SeriesChangeEvent,1,0,0.0,5,146,No
jfreechart-1.0.19,org.jfree.data.general,SeriesChangeListener,2,0,0.0,3,146,No
jfreechart-1.0.19,org.jfree.data.general,SeriesDataset,2,0,0.0,5,146,No
jfreechart-1.0.19,org.jfree.data.general,SeriesException,1,0,0.0,5,145,No
jfreechart-1.0.19,org.jfree.data.general,SubSeriesDataset,4,13,0.0,148,145,No
jfreechart-1.0.19,org.jfree.data.general,ValueDataset,1,0,0.0,2,145,No
jfreechart-1.0.19,org.jfree.data.general,WaferMapDataset,2,11,0.0,102,145,No
jfreechart-1.0.19,org.jfree.data.general,DatasetGroupTest,2,0,0.0,8,145,No
jfreechart-1.0.19,org.jfree.data.general,DatasetUtilitiesTest,6,0,0.0,938,146,No
jfreechart-1.0.19,org.jfree.data.general,DefaultHeatMapDatasetTest,5,0,0.0,103,146,No
jfreechart-1.0.19,org.jfree.data.general,DefaultKeyedValueDatasetTest,4,0,0.0,45,146,No
jfreechart-1.0.19,org.jfree.data.general,DefaultKeyedValues2DDatasetTest,3,0,0.0,24,146,No
jfreechart-1.0.19,org.jfree.data.general,DefaultKeyedValuesDatasetTest,3,0,0.0,23,146,No
jfreechart-1.0.19,org.jfree.data.general,DefaultPieDatasetTest,5,0,0.0,78,145,No
jfreechart-1.0.19,org.jfree.data.general,IntervalDataItem,2,0,0.0,19,145,No
jfreechart-1.0.19,org.jfree.data.general,TestIntervalCategoryDataset,4,15,0.0,183,145,No
jfreechart-1.0.19,org.jfree.chart.labels,AbstractCategoryItemLabelGenerator,1,12,0.0,122,145,No
jfreechart-1.0.19,org.jfree.chart.labels,AbstractPieItemLabelGenerator,2,13,0.0,93,145,No
jfreechart-1.0.19,org.jfree.chart.labels,AbstractXYItemLabelGenerator,3,21,0.0,141,145,No
jfreechart-1.0.19,org.jfree.chart.labels,BoxAndWhiskerToolTipGenerator,2,3,0.0,44,145,No
jfreechart-1.0.19,org.jfree.chart.labels,BoxAndWhiskerXYToolTipGenerator,3,5,0.0,48,145,No
jfreechart-1.0.19,org.jfree.chart.labels,BubbleXYItemLabelGenerator,4,13,0.0,102,145,No
jfreechart-1.0.19,org.jfree.chart.labels,CategoryItemLabelGenerator,1,0,0.0,5,144,No
jfreechart-1.0.19,org.jfree.chart.labels,CategorySeriesLabelGenerator,0,0,0.0,3,144,No
jfreechart-1.0.19,org.jfree.chart.labels,CategoryToolTipGenerator,1,0,0.0,3,144,No
jfreechart-1.0.19,org.jfree.chart.labels,ContourToolTipGenerator,0,0,0.0,3,144,No
jfreechart-1.0.19,org.jfree.chart.labels,CrosshairLabelGenerator,0,0,0.0,3,143,No
jfreechart-1.0.19,org.jfree.chart.labels,CustomXYToolTipGenerator,2,11,0.0,70,143,No
jfreechart-1.0.19,org.jfree.chart.labels,HighLowItemLabelGenerator,2,14,0.0,95,143,No
jfreechart-1.0.19,org.jfree.chart.labels,IntervalCategoryItemLabelGenerator,2,5,0.0,46,143,No
jfreechart-1.0.19,org.jfree.chart.labels,IntervalCategoryToolTipGenerator,4,7,0.0,54,143,No
jfreechart-1.0.19,org.jfree.chart.labels,IntervalXYItemLabelGenerator,2,18,0.0,114,143,No
jfreechart-1.0.19,org.jfree.chart.labels,ItemLabelAnchor,0,28,0.0,128,143,No
jfreechart-1.0.19,org.jfree.chart.labels,ItemLabelPosition,1,6,0.0,57,143,No
jfreechart-1.0.19,org.jfree.chart.labels,MultipleXYSeriesLabelGenerator,1,12,0.0,100,143,No
jfreechart-1.0.19,org.jfree.chart.labels,PieSectionLabelGenerator,1,0,0.0,5,142,No
jfreechart-1.0.19,org.jfree.chart.labels,PieToolTipGenerator,0,0,0.0,3,142,No
jfreechart-1.0.19,org.jfree.chart.labels,StandardCategoryItemLabelGenerator,2,2,0.0,35,142,No
jfreechart-1.0.19,org.jfree.chart.labels,StandardCategorySeriesLabelGenerator,1,3,0.0,48,142,No
jfreechart-1.0.19,org.jfree.chart.labels,StandardCategoryToolTipGenerator,3,2,0.0,32,141,No
jfreechart-1.0.19,org.jfree.chart.labels,StandardContourToolTipGenerator,1,7,0.0,48,141,No
jfreechart-1.0.19,org.jfree.chart.labels,StandardCrosshairLabelGenerator,1,6,0.0,56,141,No
jfreechart-1.0.19,org.jfree.chart.labels,StandardPieSectionLabelGenerator,2,3,0.0,65,141,No
jfreechart-1.0.19,org.jfree.chart.labels,StandardPieToolTipGenerator,3,0,0.0,31,141,No
jfreechart-1.0.19,org.jfree.chart.labels,StandardXYItemLabelGenerator,4,2,0.0,47,141,No
jfreechart-1.0.19,org.jfree.chart.labels,StandardXYSeriesLabelGenerator,1,3,0.0,49,140,No
jfreechart-1.0.19,org.jfree.chart.labels,StandardXYToolTipGenerator,3,2,0.0,47,140,No
jfreechart-1.0.19,org.jfree.chart.labels,StandardXYZToolTipGenerator,3,11,0.0,92,140,No
jfreechart-1.0.19,org.jfree.chart.labels,SymbolicXYItemLabelGenerator,2,8,0.0,59,140,No
jfreechart-1.0.19,org.jfree.chart.labels,XYItemLabelGenerator,1,0,0.0,3,140,No
jfreechart-1.0.19,org.jfree.chart.labels,XYSeriesLabelGenerator,0,0,0.0,3,140,No
jfreechart-1.0.19,org.jfree.chart.labels,XYToolTipGenerator,1,0,0.0,3,139,No
jfreechart-1.0.19,org.jfree.chart.labels,XYZToolTipGenerator,1,0,0.0,3,139,No
jfreechart-1.0.19,org.jfree.chart.labels,BoxAndWhiskerToolTipGeneratorTest,1,0,0.0,49,139,No
jfreechart-1.0.19,org.jfree.chart.labels,BoxAndWhiskerXYToolTipGeneratorTest,2,0,0.0,67,139,No
jfreechart-1.0.19,org.jfree.chart.labels,BubbleXYItemLabelGeneratorTest,2,0,0.0,96,139,No
jfreechart-1.0.19,org.jfree.chart.labels,CustomXYItemLabelGeneratorTest,3,0,0.0,32,139,No
jfreechart-1.0.19,org.jfree.chart.labels,HighLowItemLabelGeneratorTest,1,0,0.0,48,138,No
jfreechart-1.0.19,org.jfree.chart.labels,IntervalCategoryItemLabelGeneratorTest,2,0,0.0,56,138,No
jfreechart-1.0.19,org.jfree.chart.labels,IntervalCategoryToolTipGeneratorTest,6,0,0.0,67,138,No
jfreechart-1.0.19,org.jfree.chart.labels,ItemLabelAnchorTest,1,0,0.0,13,138,No
jfreechart-1.0.19,org.jfree.chart.labels,ItemLabelPositionTest,1,0,0.0,14,138,No
jfreechart-1.0.19,org.jfree.chart.labels,MultipleXYSeriesLabelGeneratorTest,2,0,0.0,59,138,No
jfreechart-1.0.19,org.jfree.chart.labels,StandardCategoryItemLabelGeneratorTest,4,0,0.0,89,138,No
jfreechart-1.0.19,org.jfree.chart.labels,StandardCategorySeriesLabelGeneratorTest,2,0,0.0,60,137,No
jfreechart-1.0.19,org.jfree.chart.labels,StandardCategoryToolTipGeneratorTest,4,0,0.0,73,137,No
jfreechart-1.0.19,org.jfree.chart.labels,StandardContourToolTipGeneratorTest,2,0,0.0,10,137,No
jfreechart-1.0.19,org.jfree.chart.labels,StandardPieSectionLabelGeneratorTest,2,0,0.0,77,137,No
jfreechart-1.0.19,org.jfree.chart.labels,StandardPieToolTipGeneratorTest,2,0,0.0,69,137,No
jfreechart-1.0.19,org.jfree.chart.labels,StandardXYItemLabelGeneratorTest,2,0,0.0,97,137,No
jfreechart-1.0.19,org.jfree.chart.labels,StandardXYSeriesLabelGeneratorTest,2,0,0.0,58,137,No
jfreechart-1.0.19,org.jfree.chart.labels,StandardXYToolTipGeneratorTest,2,0,0.0,74,137,No
jfreechart-1.0.19,org.jfree.chart.labels,StandardXYZToolTipGeneratorTest,2,0,0.0,85,136,No
jfreechart-1.0.19,org.jfree.chart.labels,SymbolicXYItemLabelGeneratorTest,2,0,0.0,39,136,No
jfreechart-1.0.19,org.jfree.chart.event,AnnotationChangeEvent,2,0,0.0,10,136,No
jfreechart-1.0.19,org.jfree.chart.event,AnnotationChangeListener,1,0,0.0,3,136,No
jfreechart-1.0.19,org.jfree.chart.event,AxisChangeEvent,1,0,0.0,9,136,No
jfreechart-1.0.19,org.jfree.chart.event,AxisChangeListener,1,0,0.0,3,135,No
jfreechart-1.0.19,org.jfree.chart.event,ChartChangeEvent,1,0,0.0,27,135,No
jfreechart-1.0.19,org.jfree.chart.event,ChartChangeEventType,1,6,0.0,43,135,No
jfreechart-1.0.19,org.jfree.chart.event,ChartChangeListener,1,0,0.0,3,135,No
jfreechart-1.0.19,org.jfree.chart.event,ChartProgressEvent,0,0,0.0,29,135,No
jfreechart-1.0.19,org.jfree.chart.event,ChartProgressListener,1,0,0.0,3,135,No
jfreechart-1.0.19,org.jfree.chart.event,MarkerChangeEvent,2,0,0.0,9,134,No
jfreechart-1.0.19,org.jfree.chart.event,MarkerChangeListener,1,0,0.0,3,134,No
jfreechart-1.0.19,org.jfree.chart.event,OverlayChangeEvent,0,0,0.0,5,134,No
jfreechart-1.0.19,org.jfree.chart.event,OverlayChangeListener,1,0,0.0,3,134,No
jfreechart-1.0.19,org.jfree.chart.event,PlotChangeEvent,2,0,0.0,9,133,No
jfreechart-1.0.19,org.jfree.chart.event,PlotChangeListener,1,0,0.0,3,133,No
jfreechart-1.0.19,org.jfree.chart.event,RendererChangeEvent,2,0,0.0,18,133,No
jfreechart-1.0.19,org.jfree.chart.event,RendererChangeListener,1,0,0.0,3,133,No
jfreechart-1.0.19,org.jfree.chart.event,TitleChangeEvent,1,0,0.0,9,133,No
jfreechart-1.0.19,org.jfree.chart.event,TitleChangeListener,1,0,0.0,3,132,No
jfreechart-1.0.19,org.jfree.data.time.ohlc,OHLC,1,6,0.0,54,132,No
jfreechart-1.0.19,org.jfree.data.time.ohlc,OHLCItem,1,8,0.0,48,132,No
jfreechart-1.0.19,org.jfree.data.time.ohlc,OHLCSeries,3,2,0.0,33,132,No
jfreechart-1.0.19,org.jfree.data.time.ohlc,OHLCSeriesCollection,3,14,0.0,172,132,No
jfreechart-1.0.19,org.jfree.data.time.ohlc,OHLCItemTest,2,0,0.0,62,132,No
jfreechart-1.0.19,org.jfree.data.time.ohlc,OHLCSeriesCollectionTest,3,0,0.0,122,132,No
jfreechart-1.0.19,org.jfree.data.time.ohlc,OHLCSeriesTest,2,0,0.0,137,132,No
jfreechart-1.0.19,org.jfree.data.time.ohlc,OHLCTest,1,0,0.0,44,132,No
jfreechart-1.0.19,org.jfree.data.xy,AbstractIntervalXYDataset,3,4,0.0,39,132,No
jfreechart-1.0.19,org.jfree.data.xy,AbstractXYDataset,1,2,0.0,25,131,No
jfreechart-1.0.19,org.jfree.data.xy,AbstractXYZDataset,3,1,0.0,12,131,No
jfreechart-1.0.19,org.jfree.data.xy,CategoryTableXYDataset,6,10,0.0,135,131,No
jfreechart-1.0.19,org.jfree.data.xy,DefaultHighLowDataset,4,18,0.0,146,131,No
jfreechart-1.0.19,org.jfree.data.xy,DefaultIntervalXYDataset,9,20,0.0,198,131,No
jfreechart-1.0.19,org.jfree.data.xy,DefaultOHLCDataset,4,9,0.0,123,131,No
jfreechart-1.0.19,org.jfree.data.xy,DefaultTableXYDataset,6,34,0.0,285,132,No
jfreechart-1.0.19,org.jfree.data.xy,DefaultWindDataset,3,26,0.0,175,132,No
jfreechart-1.0.19,org.jfree.data.xy,DefaultXYDataset,2,18,0.0,141,132,No
jfreechart-1.0.19,org.jfree.data.xy,DefaultXYZDataset,4,19,0.0,159,132,No
jfreechart-1.0.19,org.jfree.data.xy,IntervalXYDataset,1,0,0.0,10,132,No
jfreechart-1.0.19,org.jfree.data.xy,IntervalXYDelegate,3,19,0.0,170,132,No
jfreechart-1.0.19,org.jfree.data.xy,IntervalXYZDataset,1,0,0.0,8,131,No
jfreechart-1.0.19,org.jfree.data.xy,MatrixSeries,0,9,0.0,71,131,No
jfreechart-1.0.19,org.jfree.data.xy,MatrixSeriesCollection,4,8,0.0,106,131,No
jfreechart-1.0.19,org.jfree.data.xy,NormalizedMatrixSeries,1,0,0.0,32,131,No
jfreechart-1.0.19,org.jfree.data.xy,OHLCDataItem,2,9,0.0,69,131,No
jfreechart-1.0.19,org.jfree.data.xy,OHLCDataset,1,0,0.0,12,131,No
jfreechart-1.0.19,org.jfree.data.xy,TableXYDataset,2,0,0.0,3,131,No
jfreechart-1.0.19,org.jfree.data.xy,Vector,0,4,0.0,45,131,No
jfreechart-1.0.19,org.jfree.data.xy,VectorDataItem,3,4,0.0,34,130,No
jfreechart-1.0.19,org.jfree.data.xy,VectorSeries,3,2,0.0,41,130,No
jfreechart-1.0.19,org.jfree.data.xy,VectorSeriesCollection,6,6,0.0,107,130,No
jfreechart-1.0.19,org.jfree.data.xy,VectorXYDataset,2,0,0.0,5,130,No
jfreechart-1.0.19,org.jfree.data.xy,WindDataset,1,0,0.0,4,130,No
jfreechart-1.0.19,org.jfree.data.xy,XIntervalDataItem,1,6,0.0,35,130,No
jfreechart-1.0.19,org.jfree.data.xy,XIntervalSeries,2,2,0.0,35,130,No
jfreechart-1.0.19,org.jfree.data.xy,XIntervalSeriesCollection,5,7,0.0,120,130,No
jfreechart-1.0.19,org.jfree.data.xy,XisSymbolic,0,0,0.0,5,129,No
jfreechart-1.0.19,org.jfree.data.xy,XYBarDataset,3,9,0.0,119,129,No
jfreechart-1.0.19,org.jfree.data.xy,XYCoordinate,0,10,0.0,68,129,No
jfreechart-1.0.19,org.jfree.data.xy,XYDataItem,1,11,0.0,96,129,No
jfreechart-1.0.19,org.jfree.data.xy,XYDataset,0,0,0.0,8,129,No
jfreechart-1.0.19,org.jfree.data.xy,XYDatasetTableModel,4,9,0.0,67,129,No
jfreechart-1.0.19,org.jfree.data.xy,XYDomainInfo,0,0,0.0,4,129,No
jfreechart-1.0.19,org.jfree.data.xy,XYInterval,3,7,0.0,53,129,No
jfreechart-1.0.19,org.jfree.data.xy,XYIntervalDataItem,3,10,0.0,54,128,No
jfreechart-1.0.19,org.jfree.data.xy,XYIntervalSeries,7,2,0.0,44,128,No
jfreechart-1.0.19,org.jfree.data.xy,XYIntervalSeriesCollection,10,8,0.0,127,128,No
jfreechart-1.0.19,org.jfree.data.xy,XYRangeInfo,0,0,0.0,4,128,No
jfreechart-1.0.19,org.jfree.data.xy,XYSeries,1,72,0.0,411,129,No
jfreechart-1.0.19,org.jfree.data.xy,XYSeriesCollection,7,52,0.0,341,129,No
jfreechart-1.0.19,org.jfree.data.xy,XYZDataset,1,0,0.0,4,129,No
jfreechart-1.0.19,org.jfree.data.xy,YInterval,1,5,0.0,37,129,No
jfreechart-1.0.19,org.jfree.data.xy,YIntervalDataItem,1,6,0.0,35,128,No
jfreechart-1.0.19,org.jfree.data.xy,YIntervalSeries,3,2,0.0,35,128,No
jfreechart-1.0.19,org.jfree.data.xy,YIntervalSeriesCollection,5,7,0.0,116,128,No
jfreechart-1.0.19,org.jfree.data.xy,YisSymbolic,0,0,0.0,5,128,No
jfreechart-1.0.19,org.jfree.data.xy,YWithXInterval,1,5,0.0,37,128,No
jfreechart-1.0.19,org.jfree.data.xy,CategoryTableXYDatasetTest,4,0,0.0,96,128,No
jfreechart-1.0.19,org.jfree.data.xy,DefaultHighLowDatasetTest,1,0,0.0,105,128,No
jfreechart-1.0.19,org.jfree.data.xy,DefaultIntervalXYDatasetTest,3,0,0.0,202,128,No
jfreechart-1.0.19,org.jfree.data.xy,DefaultOHLCDatasetTest,3,0,0.0,70,128,No
jfreechart-1.0.19,org.jfree.data.xy,DefaultTableXYDatasetTest,5,0,0.0,106,128,No
jfreechart-1.0.19,org.jfree.data.xy,DefaultWindDatasetTest,2,0,0.0,72,128,No
jfreechart-1.0.19,org.jfree.data.xy,DefaultXYDatasetTest,2,0,0.0,104,128,No
jfreechart-1.0.19,org.jfree.data.xy,DefaultXYZDatasetTest,2,0,0.0,110,128,No
jfreechart-1.0.19,org.jfree.data.xy,IntervalXYDelegateTest,3,0,0.0,51,128,No
jfreechart-1.0.19,org.jfree.data.xy,MatrixSeriesCollectionTest,2,0,0.0,47,128,No
jfreechart-1.0.19,org.jfree.data.xy,MatrixSeriesTest,1,0,0.0,83,127,No
jfreechart-1.0.19,org.jfree.data.xy,OHLCDataItemTest,1,0,0.0,25,127,No
jfreechart-1.0.19,org.jfree.data.xy,TableXYDatasetTest,4,0,0.0,134,127,No
jfreechart-1.0.19,org.jfree.data.xy,VectorDataItemTest,2,0,0.0,48,127,No
jfreechart-1.0.19,org.jfree.data.xy,VectorSeriesCollectionTest,3,0,0.0,66,127,No
jfreechart-1.0.19,org.jfree.data.xy,VectorSeriesTest,5,0,0.0,150,127,No
jfreechart-1.0.19,org.jfree.data.xy,VectorTest,1,0,0.0,37,127,No
jfreechart-1.0.19,org.jfree.data.xy,XIntervalDataItemTest,1,0,0.0,48,127,No
jfreechart-1.0.19,org.jfree.data.xy,XIntervalSeriesCollectionTest,4,0,0.0,77,127,No
jfreechart-1.0.19,org.jfree.data.xy,XIntervalSeriesTest,3,0,0.0,166,127,No
jfreechart-1.0.19,org.jfree.data.xy,XYBarDatasetTest,3,0,0.0,59,127,No
jfreechart-1.0.19,org.jfree.data.xy,XYCoordinateTest,1,0,0.0,37,127,No
jfreechart-1.0.19,org.jfree.data.xy,XYDataItemTest,1,0,0.0,27,126,No
jfreechart-1.0.19,org.jfree.data.xy,XYIntervalDataItemTest,5,0,0.0,64,126,No
jfreechart-1.0.19,org.jfree.data.xy,XYIntervalSeriesCollectionTest,9,0,0.0,82,126,No
jfreechart-1.0.19,org.jfree.data.xy,XYIntervalSeriesTest,7,0,0.0,161,126,No
jfreechart-1.0.19,org.jfree.data.xy,XYIntervalTest,3,0,0.0,39,126,No
jfreechart-1.0.19,org.jfree.data.xy,XYSeriesCollectionTest,2,0,0.0,320,127,No
jfreechart-1.0.19,org.jfree.data.xy,XYSeriesTest,5,0,0.0,533,127,No
jfreechart-1.0.19,org.jfree.data.xy,YIntervalDataItemTest,2,0,0.0,49,127,No
jfreechart-1.0.19,org.jfree.data.xy,YIntervalSeriesCollectionTest,5,0,0.0,77,127,No
jfreechart-1.0.19,org.jfree.data.xy,YIntervalSeriesTest,4,0,0.0,150,127,No
jfreechart-1.0.19,org.jfree.data.xy,YIntervalTest,1,0,0.0,31,127,No
jfreechart-1.0.19,org.jfree.data.xy,YWithXIntervalTest,1,0,0.0,31,127,No
jfreechart-1.0.19,org.jfree.data.time,DateRange,0,1,0.0,37,127,No
jfreechart-1.0.19,org.jfree.data.time,Day,5,12,0.0,163,127,No
jfreechart-1.0.19,org.jfree.data.time,DynamicTimeSeriesCollection,8,60,0.0,384,127,No
jfreechart-1.0.19,org.jfree.data.time,FixedMillisecond,4,13,0.0,106,127,No
jfreechart-1.0.19,org.jfree.data.time,Hour,6,19,0.0,181,127,No
jfreechart-1.0.19,org.jfree.data.time,Millisecond,8,23,0.0,171,127,No
jfreechart-1.0.19,org.jfree.data.time,Minute,7,20,0.0,189,127,No
jfreechart-1.0.19,org.jfree.data.time,Month,6,32,0.0,225,127,No
jfreechart-1.0.19,org.jfree.data.time,MovingAverage,5,31,0.0,160,127,No
jfreechart-1.0.19,org.jfree.data.time,Quarter,7,21,0.0,178,127,No
jfreechart-1.0.19,org.jfree.data.time,RegularTimePeriod,10,12,0.0,100,127,No
jfreechart-1.0.19,org.jfree.data.time,Second,8,23,0.0,184,127,No
jfreechart-1.0.19,org.jfree.data.time,SimpleTimePeriod,2,14,0.0,86,127,No
jfreechart-1.0.19,org.jfree.data.time,TimePeriod,0,0,0.0,4,127,No
jfreechart-1.0.19,org.jfree.data.time,TimePeriodAnchor,1,6,0.0,43,127,No
jfreechart-1.0.19,org.jfree.data.time,TimePeriodFormatException,1,0,0.0,5,127,No
jfreechart-1.0.19,org.jfree.data.time,TimePeriodValue,1,4,0.0,61,127,No
jfreechart-1.0.19,org.jfree.data.time,TimePeriodValues,3,31,0.0,241,127,No
jfreechart-1.0.19,org.jfree.data.time,TimePeriodValuesCollection,4,21,0.0,201,127,No
jfreechart-1.0.19,org.jfree.data.time,TimeSeries,7,104,0.0,640,128,Yes
jfreechart-1.0.19,org.jfree.data.time,TimeSeriesCollection,5,38,0.0,338,128,No
jfreechart-1.0.19,org.jfree.data.time,TimeSeriesDataItem,13,6,0.0,67,128,No
jfreechart-1.0.19,org.jfree.data.time,TimeSeriesTableModel,3,27,0.0,121,128,No
jfreechart-1.0.19,org.jfree.data.time,TimeTableXYDataset,3,22,0.0,204,128,No
jfreechart-1.0.19,org.jfree.data.time,Week,6,37,0.0,275,128,No
jfreechart-1.0.19,org.jfree.data.time,Year,4,10,0.0,131,128,No
jfreechart-1.0.19,org.jfree.data.time,DateRangeTest,1,0,0.0,38,128,No
jfreechart-1.0.19,org.jfree.data.time,DayTest,4,1,0.0,210,128,No
jfreechart-1.0.19,org.jfree.data.time,FixedMillisecondTest,3,0,0.0,29,128,No
jfreechart-1.0.19,org.jfree.data.time,HourTest,5,0,0.0,206,128,No
jfreechart-1.0.19,org.jfree.data.time,MillisecondTest,7,0,0.0,199,128,No
jfreechart-1.0.19,org.jfree.data.time,MinuteTest,6,0,0.0,192,128,No
jfreechart-1.0.19,org.jfree.data.time,MonthTest,5,1,0.0,228,129,No
jfreechart-1.0.19,org.jfree.data.time,MovingAverageTest,4,0,0.0,37,128,No
jfreechart-1.0.19,org.jfree.data.time,QuarterTest,5,0,0.0,232,129,No
jfreechart-1.0.19,org.jfree.data.time,SecondTest,7,0,0.0,183,129,No
jfreechart-1.0.19,org.jfree.data.time,SimpleTimePeriodTest,2,0,0.0,90,129,No
jfreechart-1.0.19,org.jfree.data.time,TimePeriodAnchorTest,2,0,0.0,14,128,No
jfreechart-1.0.19,org.jfree.data.time,TimePeriodValuesCollectionTest,7,0,0.0,110,128,No
jfreechart-1.0.19,org.jfree.data.time,TimePeriodValuesTest,9,0,0.0,205,129,No
jfreechart-1.0.19,org.jfree.data.time,TimePeriodValueTest,3,0,0.0,20,128,No
jfreechart-1.0.19,org.jfree.data.time,TimeSeriesCollectionTest,8,0,0.0,282,129,No
jfreechart-1.0.19,org.jfree.data.time,TimeSeriesDataItemTest,3,0,0.0,29,128,No
jfreechart-1.0.19,org.jfree.data.time,TimeSeriesTest,11,0,0.0,737,129,No
jfreechart-1.0.19,org.jfree.data.time,TimeTableXYDatasetTest,3,0,0.0,80,129,No
jfreechart-1.0.19,org.jfree.data.time,WeekTest,4,0,0.0,294,129,No
jfreechart-1.0.19,org.jfree.data.time,YearTest,4,0,0.0,223,130,No
jfreechart-1.0.19,org.jfree.chart.title,CompositeTitle,1,7,0.0,74,129,No
jfreechart-1.0.19,org.jfree.chart.title,DateTitle,2,0,0.0,24,129,No
jfreechart-1.0.19,org.jfree.chart.title,ImageTitle,1,20,0.0,151,129,No
jfreechart-1.0.19,org.jfree.chart.title,LegendGraphic,0,35,0.0,291,130,No
jfreechart-1.0.19,org.jfree.chart.title,LegendItemBlockContainer,0,2,0.0,64,129,No
jfreechart-1.0.19,org.jfree.chart.title,LegendTitle,3,42,0.0,300,130,No
jfreechart-1.0.19,org.jfree.chart.title,PaintScaleLegend,1,54,0.0,358,130,No
jfreechart-1.0.19,org.jfree.chart.title,ShortTextTitle,2,20,0.0,109,130,No
jfreechart-1.0.19,org.jfree.chart.title,TextTitle,1,78,0.0,435,130,No
jfreechart-1.0.19,org.jfree.chart.title,Title,0,26,0.0,150,130,No
jfreechart-1.0.19,org.jfree.chart.title,CompositeTitleTest,4,0,0.0,73,130,No
jfreechart-1.0.19,org.jfree.chart.title,DateTitleTest,3,1,0.0,48,130,No
jfreechart-1.0.19,org.jfree.chart.title,ImageTitleTest,3,0,0.0,56,130,No
jfreechart-1.0.19,org.jfree.chart.title,LegendGraphicTest,1,0,0.0,113,130,No
jfreechart-1.0.19,org.jfree.chart.title,LegendTitleTest,3,0,0.0,72,130,No
jfreechart-1.0.19,org.jfree.chart.title,PaintScaleLegendTest,1,0,0.0,82,130,No
jfreechart-1.0.19,org.jfree.chart.title,ShortTextTitleTest,5,0,0.0,35,130,No
jfreechart-1.0.19,org.jfree.chart.title,TextTitleTest,3,1,0.0,72,130,No
jfreechart-1.0.19,org.jfree.chart.title,TitleTest,2,0,0.0,33,130,No
jfreechart-1.0.19,org.jfree.chart.servlet,ChartDeleter,0,2,0.0,27,129,No
jfreechart-1.0.19,org.jfree.chart.servlet,DisplayChart,2,9,0.0,50,129,No
jfreechart-1.0.19,org.jfree.chart.servlet,ServletUtilities,2,22,0.0,158,129,No
jfreechart-1.0.19,org.jfree.chart.imagemap,DynamicDriveToolTipTagFragmentGenerator,2,0,0.0,18,129,No
jfreechart-1.0.19,org.jfree.chart.imagemap,ImageMapUtilities,5,19,0.0,115,129,No
jfreechart-1.0.19,org.jfree.chart.imagemap,OverLIBToolTipTagFragmentGenerator,2,0,0.0,12,129,No
jfreechart-1.0.19,org.jfree.chart.imagemap,StandardToolTipTagFragmentGenerator,2,0,0.0,11,129,No
jfreechart-1.0.19,org.jfree.chart.imagemap,StandardURLTagFragmentGenerator,1,0,0.0,10,129,No
jfreechart-1.0.19,org.jfree.chart.imagemap,ToolTipTagFragmentGenerator,0,0,0.0,3,129,No
jfreechart-1.0.19,org.jfree.chart.imagemap,URLTagFragmentGenerator,0,0,0.0,3,128,No
jfreechart-1.0.19,org.jfree.chart.imagemap,DynamicDriveToolTipTagFragmentGeneratorTest,3,0,0.0,13,128,No
jfreechart-1.0.19,org.jfree.chart.imagemap,ImageMapUtilitiesTest,1,0,0.0,22,128,No
jfreechart-1.0.19,org.jfree.chart.imagemap,OverLIBToolTipTagFragmentGeneratorTest,2,0,0.0,13,128,No
jfreechart-1.0.19,org.jfree.chart.imagemap,StandardToolTipTagFragmentGeneratorTest,2,0,0.0,11,128,No
jfreechart-1.0.19,org.jfree.chart.imagemap,StandardURLTagFragmentGeneratorTest,2,0,0.0,12,128,No
jfreechart-1.0.19,org.jfree.experimental.chart.renderer.xy,XYSmoothLineAndShapeRenderer,0,15,0.0,140,128,No
jfreechart-1.0.19,org.jfree.chart.demo,BarChartDemo1,0,0,0.0,46,128,No
jfreechart-1.0.19,org.jfree.chart.demo,PieChartDemo1,0,0,0.0,79,128,No
jfreechart-1.0.19,org.jfree.chart.demo,TimeSeriesChartDemo1,0,1,0.0,100,128,No
jfreechart-1.0.19,org.jfree.chart,ChartColor,1,0,0.0,55,127,No
jfreechart-1.0.19,org.jfree.chart,ChartFactory,4,110,0.0,1081,129,No
jfreechart-1.0.19,org.jfree.chart,ChartFrame,2,2,0.0,19,129,No
jfreechart-1.0.19,org.jfree.chart,ChartHints,1,4,0.0,23,128,No
jfreechart-1.0.19,org.jfree.chart,ChartMouseEvent,3,0,0.0,20,128,No
jfreechart-1.0.19,org.jfree.chart,ChartMouseListener,3,0,0.0,4,128,No
jfreechart-1.0.19,org.jfree.chart,ChartPanel,7,226,0.0,1589,130,Yes
jfreechart-1.0.19,org.jfree.chart,ChartRenderingInfo,1,9,0.0,75,130,No
jfreechart-1.0.19,org.jfree.chart,ChartTheme,2,0,0.0,3,130,No
jfreechart-1.0.19,org.jfree.chart,ChartTransferable,2,7,0.0,92,130,No
jfreechart-1.0.19,org.jfree.chart,ChartUtilities,4,5,0.0,217,130,No
jfreechart-1.0.19,org.jfree.chart,ClipPath,1,7,0.0,152,130,No
jfreechart-1.0.19,org.jfree.chart,DrawableLegendItem,2,1,0.0,60,130,No
jfreechart-1.0.19,org.jfree.chart,Effect3D,1,0,0.0,4,130,No
jfreechart-1.0.19,org.jfree.chart,HashUtilities,1,17,0.0,121,130,No
jfreechart-1.0.19,org.jfree.chart,JFreeChart,5,108,0.0,802,130,No
jfreechart-1.0.19,org.jfree.chart,LegendItem,1,26,0.0,374,131,No
jfreechart-1.0.19,org.jfree.chart,LegendItemCollection,2,3,0.0,41,131,No
jfreechart-1.0.19,org.jfree.chart,LegendItemSource,3,0,0.0,3,130,No
jfreechart-1.0.19,org.jfree.chart,LegendRenderingOrder,1,5,0.0,35,130,No
jfreechart-1.0.19,org.jfree.chart,MouseWheelHandler,3,10,0.0,53,130,No
jfreechart-1.0.19,org.jfree.chart,PaintMap,1,7,0.0,74,130,No
jfreechart-1.0.19,org.jfree.chart,PolarChartPanel,2,15,0.0,105,130,No
jfreechart-1.0.19,org.jfree.chart,StandardChartTheme,3,112,0.0,874,131,No
jfreechart-1.0.19,org.jfree.chart,StrokeMap,1,7,0.0,74,131,No
jfreechart-1.0.19,org.jfree.chart,AreaChartTest,2,0,0.0,76,131,No
jfreechart-1.0.19,org.jfree.chart,BarChart3DTest,2,0,0.0,76,131,No
jfreechart-1.0.19,org.jfree.chart,BarChartTest,2,0,0.0,83,131,No
jfreechart-1.0.19,org.jfree.chart,ChartPanelTest,5,0,0.0,189,131,No
jfreechart-1.0.19,org.jfree.chart,ChartRenderingInfoTest,3,0,0.0,57,131,No
jfreechart-1.0.19,org.jfree.chart,GanttChartTest,2,0,0.0,158,131,No
jfreechart-1.0.19,org.jfree.chart,HashUtilitiesTest,2,0,0.0,13,131,No
jfreechart-1.0.19,org.jfree.chart,JFreeChartTest,3,7,0.0,281,131,No
jfreechart-1.0.19,org.jfree.chart,LegendItemCollectionTest,4,0,0.0,46,131,No
jfreechart-1.0.19,org.jfree.chart,LegendItemTest,3,0,0.0,243,131,No
jfreechart-1.0.19,org.jfree.chart,LineChart3DTest,2,0,0.0,71,131,No
jfreechart-1.0.19,org.jfree.chart,LineChartTest,2,0,0.0,71,131,No
jfreechart-1.0.19,org.jfree.chart,MeterChartTest,1,0,0.0,13,131,No
jfreechart-1.0.19,org.jfree.chart,PaintMapTest,3,1,0.0,87,130,No
jfreechart-1.0.19,org.jfree.chart,PieChart3DTest,2,0,0.0,41,130,No
jfreechart-1.0.19,org.jfree.chart,PieChartTest,2,0,0.0,28,130,No
jfreechart-1.0.19,org.jfree.chart,ScatterPlotTest,2,0,0.0,63,130,No
jfreechart-1.0.19,org.jfree.chart,StackedAreaChartTest,3,0,0.0,83,130,No
jfreechart-1.0.19,org.jfree.chart,StackedBarChart3DTest,3,0,0.0,83,130,No
jfreechart-1.0.19,org.jfree.chart,StackedBarChartTest,3,0,0.0,83,130,No
jfreechart-1.0.19,org.jfree.chart,StandardChartThemeTest,5,0,0.0,148,130,No
jfreechart-1.0.19,org.jfree.chart,StrokeMapTest,3,0,0.0,78,130,No
jfreechart-1.0.19,org.jfree.chart,TestUtilities,1,2,0.0,31,130,No
jfreechart-1.0.19,org.jfree.chart,TimeSeriesChartTest,2,0,0.0,70,130,No
jfreechart-1.0.19,org.jfree.chart,WaterfallChartTest,2,0,0.0,57,130,No
jfreechart-1.0.19,org.jfree.chart,XYAreaChartTest,3,0,0.0,63,130,No
jfreechart-1.0.19,org.jfree.chart,XYBarChartTest,3,0,0.0,64,130,No
jfreechart-1.0.19,org.jfree.chart,XYLineChartTest,3,0,0.0,63,129,No
jfreechart-1.0.19,org.jfree.chart,XYStepAreaChartTest,3,0,0.0,63,129,No
jfreechart-1.0.19,org.jfree.chart,XYStepChartTest,2,0,0.0,71,129,No
jfreechart-1.0.19,org.jfree.chart.entity,AxisEntity,1,6,0.0,68,129,No
jfreechart-1.0.19,org.jfree.chart.entity,CategoryItemEntity,1,8,0.0,106,129,No
jfreechart-1.0.19,org.jfree.chart.entity,CategoryLabelEntity,1,3,0.0,39,129,No
jfreechart-1.0.19,org.jfree.chart.entity,ChartEntity,0,20,0.0,164,129,No
jfreechart-1.0.19,org.jfree.chart.entity,ContourEntity,1,3,0.0,34,129,No
jfreechart-1.0.19,org.jfree.chart.entity,EntityCollection,1,0,0.0,10,129,No
jfreechart-1.0.19,org.jfree.chart.entity,JFreeChartEntity,1,6,0.0,68,129,No
jfreechart-1.0.19,org.jfree.chart.entity,LegendItemEntity,1,5,0.0,55,129,No
jfreechart-1.0.19,org.jfree.chart.entity,PieSectionEntity,1,6,0.0,75,129,No
jfreechart-1.0.19,org.jfree.chart.entity,PlotEntity,1,6,0.0,68,129,No
jfreechart-1.0.19,org.jfree.chart.entity,StandardEntityCollection,2,6,0.0,69,129,No
jfreechart-1.0.19,org.jfree.chart.entity,TickLabelEntity,1,0,0.0,6,128,No
jfreechart-1.0.19,org.jfree.chart.entity,TitleEntity,1,6,0.0,68,128,No
jfreechart-1.0.19,org.jfree.chart.entity,XYAnnotationEntity,1,4,0.0,32,128,No
jfreechart-1.0.19,org.jfree.chart.entity,XYItemEntity,1,4,0.0,52,128,No
jfreechart-1.0.19,org.jfree.chart.entity,CategoryItemEntityTest,1,0,0.0,65,128,No
jfreechart-1.0.19,org.jfree.chart.entity,CategoryLabelEntityTest,1,0,0.0,44,128,No
jfreechart-1.0.19,org.jfree.chart.entity,ContourEntityTest,1,0,0.0,44,128,No
jfreechart-1.0.19,org.jfree.chart.entity,LegendItemEntityTest,1,0,0.0,50,128,No
jfreechart-1.0.19,org.jfree.chart.entity,PieSectionEntityTest,1,0,0.0,58,128,No
jfreechart-1.0.19,org.jfree.chart.entity,StandardEntityCollectionTest,3,0,0.0,45,128,No
jfreechart-1.0.19,org.jfree.chart.entity,TickLabelEntityTest,1,0,0.0,38,127,No
jfreechart-1.0.19,org.jfree.chart.entity,XYItemEntityTest,1,0,0.0,46,127,No
jfreechart-1.0.19,org.jfree.chart.needle,ArrowNeedle,1,10,0.0,71,127,No
jfreechart-1.0.19,org.jfree.chart.needle,LineNeedle,1,3,0.0,34,127,No
jfreechart-1.0.19,org.jfree.chart.needle,LongNeedle,1,7,0.0,80,127,No
jfreechart-1.0.19,org.jfree.chart.needle,MeterNeedle,0,15,0.0,158,127,No
jfreechart-1.0.19,org.jfree.chart.needle,MiddlePinNeedle,2,5,0.0,52,127,No
jfreechart-1.0.19,org.jfree.chart.needle,PinNeedle,1,5,0.0,51,127,No
jfreechart-1.0.19,org.jfree.chart.needle,PlumNeedle,1,4,0.0,44,127,No
jfreechart-1.0.19,org.jfree.chart.needle,PointerNeedle,1,7,0.0,63,127,No
jfreechart-1.0.19,org.jfree.chart.needle,ShipNeedle,1,4,0.0,42,127,No
jfreechart-1.0.19,org.jfree.chart.needle,WindNeedle,1,4,0.0,40,127,No
jfreechart-1.0.19,org.jfree.chart.needle,ArrowNeedleTest,1,0,0.0,27,127,No
jfreechart-1.0.19,org.jfree.chart.needle,LineNeedleTest,1,0,0.0,23,126,No
jfreechart-1.0.19,org.jfree.chart.needle,LongNeedleTest,1,0,0.0,23,126,No
jfreechart-1.0.19,org.jfree.chart.needle,MeterNeedleTest,2,0,0.0,37,126,No
jfreechart-1.0.19,org.jfree.chart.needle,MiddlePinNeedleTest,3,0,0.0,23,126,No
jfreechart-1.0.19,org.jfree.chart.needle,PinNeedleTest,1,0,0.0,23,126,No
jfreechart-1.0.19,org.jfree.chart.needle,PlumNeedleTest,1,0,0.0,23,126,No
jfreechart-1.0.19,org.jfree.chart.needle,PointerNeedleTest,1,0,0.0,23,126,No
jfreechart-1.0.19,org.jfree.chart.needle,ShipNeedleTest,1,0,0.0,23,126,No
jfreechart-1.0.19,org.jfree.chart.needle,WindNeedleTest,1,0,0.0,23,125,No
jfreechart-1.0.19,org.jfree.chart.axis,Axis,6,89,0.0,721,126,Yes
jfreechart-1.0.19,org.jfree.chart.axis,AxisCollection,1,4,0.0,38,126,No
jfreechart-1.0.19,org.jfree.chart.axis,AxisLabelLocation,1,6,0.0,45,126,No
jfreechart-1.0.19,org.jfree.chart.axis,AxisLocation,1,12,0.0,72,126,No
jfreechart-1.0.19,org.jfree.chart.axis,AxisSpace,2,26,0.0,180,126,No
jfreechart-1.0.19,org.jfree.chart.axis,AxisState,2,4,0.0,54,126,No
jfreechart-1.0.19,org.jfree.chart.axis,CategoryAnchor,0,6,0.0,39,126,No
jfreechart-1.0.19,org.jfree.chart.axis,CategoryAxis,9,93,0.0,718,126,Yes
jfreechart-1.0.19,org.jfree.chart.axis,CategoryAxis3D,5,15,0.0,94,126,No
jfreechart-1.0.19,org.jfree.chart.axis,CategoryLabelPosition,4,8,0.0,90,126,No
jfreechart-1.0.19,org.jfree.chart.axis,CategoryLabelPositions,3,10,0.0,188,126,No
jfreechart-1.0.19,org.jfree.chart.axis,CategoryLabelWidthType,0,5,0.0,36,126,No
jfreechart-1.0.19,org.jfree.chart.axis,CategoryTick,3,5,0.0,50,126,No
jfreechart-1.0.19,org.jfree.chart.axis,ColorBar,6,26,0.0,212,126,No
jfreechart-1.0.19,org.jfree.chart.axis,CompassFormat,0,2,0.0,42,126,No
jfreechart-1.0.19,org.jfree.chart.axis,CyclicNumberAxis,11,91,0.0,625,127,Yes
jfreechart-1.0.19,org.jfree.chart.axis,DateAxis,14,145,0.0,1051,128,Yes
jfreechart-1.0.19,org.jfree.chart.axis,DateTick,5,3,0.0,36,128,No
jfreechart-1.0.19,org.jfree.chart.axis,DateTickMarkPosition,2,6,0.0,39,128,No
jfreechart-1.0.19,org.jfree.chart.axis,DateTickUnit,6,35,0.0,215,128,No
jfreechart-1.0.19,org.jfree.chart.axis,DateTickUnitType,4,10,0.0,59,128,No
jfreechart-1.0.19,org.jfree.chart.axis,ExtendedCategoryAxis,2,12,0.0,86,128,No
jfreechart-1.0.19,org.jfree.chart.axis,LogarithmicAxis,6,128,0.0,544,128,Yes
jfreechart-1.0.19,org.jfree.chart.axis,LogAxis,13,70,0.0,556,129,Yes
jfreechart-1.0.19,org.jfree.chart.axis,LogTick,5,1,0.0,10,128,No
jfreechart-1.0.19,org.jfree.chart.axis,MarkerAxisBand,3,11,0.0,120,128,No
jfreechart-1.0.19,org.jfree.chart.axis,ModuloAxis,2,36,0.0,213,128,No
jfreechart-1.0.19,org.jfree.chart.axis,MonthDateFormat,0,11,0.0,82,128,No
jfreechart-1.0.19,org.jfree.chart.axis,NumberAxis,12,100,0.0,561,129,Yes
jfreechart-1.0.19,org.jfree.chart.axis,NumberAxis3D,5,7,0.0,52,129,No
jfreechart-1.0.19,org.jfree.chart.axis,NumberTick,3,0,0.0,17,129,No
jfreechart-1.0.19,org.jfree.chart.axis,NumberTickUnit,3,4,0.0,49,129,No
jfreechart-1.0.19,org.jfree.chart.axis,NumberTickUnitSource,5,27,0.0,151,129,No
jfreechart-1.0.19,org.jfree.chart.axis,PeriodAxis,7,78,0.0,625,129,Yes
jfreechart-1.0.19,org.jfree.chart.axis,PeriodAxisLabelInfo,2,11,0.0,134,129,No
jfreechart-1.0.19,org.jfree.chart.axis,QuarterDateFormat,0,7,0.0,65,129,No
jfreechart-1.0.19,org.jfree.chart.axis,SegmentedTimeline,3,71,0.0,635,130,No
jfreechart-1.0.19,org.jfree.chart.axis,StandardTickUnitSource,7,2,0.0,35,130,No
jfreechart-1.0.19,org.jfree.chart.axis,SubCategoryAxis,4,33,0.0,214,130,No
jfreechart-1.0.19,org.jfree.chart.axis,SymbolAxis,8,66,0.0,395,130,No
jfreechart-1.0.19,org.jfree.chart.axis,Tick,0,7,0.0,57,130,No
jfreechart-1.0.19,org.jfree.chart.axis,TickType,1,5,0.0,34,130,No
jfreechart-1.0.19,org.jfree.chart.axis,TickUnit,3,9,0.0,61,130,No
jfreechart-1.0.19,org.jfree.chart.axis,TickUnits,8,7,0.0,65,130,No
jfreechart-1.0.19,org.jfree.chart.axis,TickUnitSource,5,0,0.0,5,129,No
jfreechart-1.0.19,org.jfree.chart.axis,Timeline,3,0,0.0,9,129,No
jfreechart-1.0.19,org.jfree.chart.axis,ValueAxis,14,114,0.0,742,130,Yes
jfreechart-1.0.19,org.jfree.chart.axis,ValueTick,2,4,0.0,39,130,No
jfreechart-1.0.19,org.jfree.chart.axis,AxisLocationTest,2,0,0.0,27,130,No
jfreechart-1.0.19,org.jfree.chart.axis,AxisSpaceTest,2,0,0.0,41,130,No
jfreechart-1.0.19,org.jfree.chart.axis,AxisTest,4,0,0.0,151,130,No
jfreechart-1.0.19,org.jfree.chart.axis,CategoryAnchorTest,1,0,0.0,26,130,No
jfreechart-1.0.19,org.jfree.chart.axis,CategoryAxis3DTest,3,0,0.0,16,129,No
jfreechart-1.0.19,org.jfree.chart.axis,CategoryAxisTest,6,0,0.0,102,129,No
jfreechart-1.0.19,org.jfree.chart.axis,CategoryLabelPositionsTest,2,0,0.0,108,129,No
jfreechart-1.0.19,org.jfree.chart.axis,CategoryLabelPositionTest,2,0,0.0,78,129,No
jfreechart-1.0.19,org.jfree.chart.axis,CategoryLabelWidthTypeTest,1,0,0.0,25,129,No
jfreechart-1.0.19,org.jfree.chart.axis,CategoryTickTest,2,0,0.0,69,129,No
jfreechart-1.0.19,org.jfree.chart.axis,ColorBarTest,3,0,0.0,39,129,No
jfreechart-1.0.19,org.jfree.chart.axis,CyclicNumberAxisTest,5,0,0.0,58,129,No
jfreechart-1.0.19,org.jfree.chart.axis,DateAxisTest,11,0,0.0,776,130,No
jfreechart-1.0.19,org.jfree.chart.axis,DateTickMarkPositionTest,3,0,0.0,29,130,No
jfreechart-1.0.19,org.jfree.chart.axis,DateTickTest,3,0,0.0,67,130,No
jfreechart-1.0.19,org.jfree.chart.axis,DateTickUnitTest,4,0,0.0,23,129,No
jfreechart-1.0.19,org.jfree.chart.axis,ExtendedCategoryAxisTest,6,0,0.0,73,129,No
jfreechart-1.0.19,org.jfree.chart.axis,LogarithmicAxisTest,4,8,0.0,120,129,No
jfreechart-1.0.19,org.jfree.chart.axis,LogAxisTest,7,0,0.0,157,129,No
jfreechart-1.0.19,org.jfree.chart.axis,MarkerAxisBandTest,2,3,0.0,46,129,No
jfreechart-1.0.19,org.jfree.chart.axis,ModuloAxisTest,3,0,0.0,35,129,No
jfreechart-1.0.19,org.jfree.chart.axis,MonthDateFormatTest,1,0,0.0,67,129,No
jfreechart-1.0.19,org.jfree.chart.axis,NumberAxis3DTest,3,0,0.0,8,129,No
jfreechart-1.0.19,org.jfree.chart.axis,NumberAxisTest,7,0,0.0,200,129,No
jfreechart-1.0.19,org.jfree.chart.axis,NumberTickUnitTest,4,0,0.0,36,129,No
jfreechart-1.0.19,org.jfree.chart.axis,PeriodAxisLabelInfoTest,3,2,0.0,98,129,No
jfreechart-1.0.19,org.jfree.chart.axis,PeriodAxisTest,5,2,0.0,157,129,No
jfreechart-1.0.19,org.jfree.chart.axis,QuarterDateFormatTest,1,0,0.0,57,129,No
jfreechart-1.0.19,org.jfree.chart.axis,SegmentedTimelineAdditionalTest,3,0,0.0,286,129,No
jfreechart-1.0.19,org.jfree.chart.axis,SegmentedTimelineTest,2,94,0.0,545,129,No
jfreechart-1.0.19,org.jfree.chart.axis,StandardTickUnitSourceTest,4,0,0.0,14,129,No
jfreechart-1.0.19,org.jfree.chart.axis,SubCategoryAxisTest,5,2,0.0,64,129,No
jfreechart-1.0.19,org.jfree.chart.axis,SymbolAxisTest,3,0,0.0,44,129,No
jfreechart-1.0.19,org.jfree.chart.axis,TickUnitsTest,5,0,0.0,27,129,No
jfreechart-1.0.19,org.jfree.chart.axis,ValueAxisTest,7,0,0.0,119,129,No
jfreechart-1.0.19,org.jfree.data.statistics,BoxAndWhiskerCalculator,2,21,0.0,110,129,No
jfreechart-1.0.19,org.jfree.data.statistics,BoxAndWhiskerCategoryDataset,0,0,0.0,20,129,No
jfreechart-1.0.19,org.jfree.data.statistics,BoxAndWhiskerItem,0,13,0.0,109,129,No
jfreechart-1.0.19,org.jfree.data.statistics,BoxAndWhiskerXYDataset,0,0,0.0,13,129,No
jfreechart-1.0.19,org.jfree.data.statistics,DefaultBoxAndWhiskerCategoryDataset,4,40,0.0,394,129,No
jfreechart-1.0.19,org.jfree.data.statistics,DefaultBoxAndWhiskerXYDataset,2,25,0.0,218,129,No
jfreechart-1.0.19,org.jfree.data.statistics,DefaultMultiValueCategoryDataset,1,25,0.0,183,129,No
jfreechart-1.0.19,org.jfree.data.statistics,DefaultStatisticalCategoryDataset,2,45,0.0,340,129,No
jfreechart-1.0.19,org.jfree.data.statistics,HistogramBin,1,4,0.0,49,129,No
jfreechart-1.0.19,org.jfree.data.statistics,HistogramDataset,3,23,0.0,193,129,No
jfreechart-1.0.19,org.jfree.data.statistics,HistogramType,0,7,0.0,46,129,No
jfreechart-1.0.19,org.jfree.data.statistics,MeanAndStandardDeviation,2,6,0.0,53,129,No
jfreechart-1.0.19,org.jfree.data.statistics,MultiValueCategoryDataset,0,0,0.0,4,129,No
jfreechart-1.0.19,org.jfree.data.statistics,Regression,0,30,0.0,220,129,No
jfreechart-1.0.19,org.jfree.data.statistics,SimpleHistogramBin,3,22,0.0,113,129,No
jfreechart-1.0.19,org.jfree.data.statistics,SimpleHistogramDataset,3,21,0.0,169,129,No
jfreechart-1.0.19,org.jfree.data.statistics,StatisticalCategoryDataset,0,0,0.0,6,129,No
jfreechart-1.0.19,org.jfree.data.statistics,Statistics,1,43,0.0,230,129,No
jfreechart-1.0.19,org.jfree.data.statistics,BoxAndWhiskerCalculatorTest,3,0,0.0,87,129,No
jfreechart-1.0.19,org.jfree.data.statistics,BoxAndWhiskerItemTest,1,0,0.0,24,129,No
jfreechart-1.0.19,org.jfree.data.statistics,DefaultBoxAndWhiskerCategoryDatasetTest,3,0,0.0,178,129,No
jfreechart-1.0.19,org.jfree.data.statistics,DefaultBoxAndWhiskerXYDatasetTest,3,0,0.0,91,129,No
jfreechart-1.0.19,org.jfree.data.statistics,DefaultMultiValueCategoryDatasetTest,2,0,0.0,139,129,No
jfreechart-1.0.19,org.jfree.data.statistics,DefaultStatisticalCategoryDatasetTest,2,0,0.0,154,129,No
jfreechart-1.0.19,org.jfree.data.statistics,HistogramBinTest,1,0,0.0,28,129,No
jfreechart-1.0.19,org.jfree.data.statistics,HistogramDatasetTest,1,0,0.0,134,129,No
jfreechart-1.0.19,org.jfree.data.statistics,MeanAndStandardDeviationTest,1,0,0.0,29,129,No
jfreechart-1.0.19,org.jfree.data.statistics,RegressionTest,2,4,0.0,128,129,No
jfreechart-1.0.19,org.jfree.data.statistics,SimpleHistogramBinTest,3,0,0.0,84,129,No
jfreechart-1.0.19,org.jfree.data.statistics,SimpleHistogramDatasetTest,5,0,0.0,50,129,No
jfreechart-1.0.19,org.jfree.data.statistics,StatisticsTest,1,0,0.0,313,129,No
jfreechart-1.0.19,org.jfree.data.function,Function2D,0,0,0.0,3,129,No
jfreechart-1.0.19,org.jfree.data.function,LineFunction2D,1,3,0.0,38,129,No
jfreechart-1.0.19,org.jfree.data.function,NormalDistributionFunction2D,1,5,0.0,45,129,No
jfreechart-1.0.19,org.jfree.data.function,PolynomialFunction2D,1,2,0.0,32,129,No
jfreechart-1.0.19,org.jfree.data.function,PowerFunction2D,1,3,0.0,38,128,No
jfreechart-1.0.19,org.jfree.data.function,LineFunction2DTest,2,0,0.0,31,128,No
jfreechart-1.0.19,org.jfree.data.function,NormalDistributionFunction2DTest,2,0,0.0,38,128,No
jfreechart-1.0.19,org.jfree.data.function,PolynomialFunction2DTest,2,0,0.0,59,128,No
jfreechart-1.0.19,org.jfree.data.function,PowerFunction2DTest,2,0,0.0,31,128,No
